Question Numbers,Variable,English,Turkish,Korean,MEMO by Sungeun,Comments by Banu
,error_top,There are some missing or incorrect answers below. <b>Look for entries with this background color</b>. Please fix them and submit again. Thanks!,,,,
,instructions,"There are <b>two pages</b> of questions (47 total), some having multiple parts. This is <b>page 1</b> and there are 41 questions.  The next page has only 6 brief questions.",,,I sugest we delete this or modify completely(more general). It's confusing and not informative either,"Isn't it misleading to say that are 40 some questions, actually no questionnaire is one item only...!? Sungeun what do you say?"
1,sex,Sex,Cinsiyet,성별,,
,mf1,Male,Erkek,남자,,
,mf2,Female,Kadın,여자,,
2,age,Age,Yaş,나이,,
3,bigFive_instruction,"Please rate to what degree you agree or disagree to the following statements. You can rate these statements on a scale from 1 “I completely disagree”, 3 “I neither agree nor disagree”, to 5 “I completely agree”.","Şimdi aşağıdaki ifadelere ne kadar katılıp katılmadığınızı işaretleyiniz. 1 hiç katılmıyorum, 3 ne katılıyorum ne katılmıyorum ve 5 tamamen katılıyorum anlamına gelecek şekilde 1 ile 5  arasında bir puan verebilirsiniz.","다음의 문장에 얼마나 동의하는지를 1점 ""전혀 동의하지 않는다"", 3점 ""동의하지도 반대하지도 않는다"", 5점 ""완전히 동의한다""의 5점 척도에서 평정하여 주십시오.",Checked and made a minor change,SUNGEUN: WE CHANGED THE INSTRUCTION PLEASE DOUBLE CHECK WITH YOUR TRANSLATION
,bigFive_introverted,I am an introverted person,İçime kapanık biriyim,나는 내향적인 사람이다,,
,bigFive_trust,"Generally, I easily trust people",Genellikle insanlara kolayca güvenirim,나는 보통 사람을 쉽게 믿는 편이다,,
,bigFive_lazy,I have a tendency to be lazy,Tembellik yapmaya eğilimim vardır,나는 게으른 편이다,,
,bigFive_cope,"I am easy going, i can cope well with stress","Rahatım, stresle iyi başa çıkarım",나는 스트레스에 잘 대처할 수 있고 일을 쉽게 처리하는 편이다.,,
,bigFive_art,I have little interest in art,Sanata ilgim azdır,나는 예술에 대한 관심이 별로 없다,,
,bigFive_extraverted,I am an extraverted and social person,Dışa dönük ve sosyal biriyim,나는 다른사람들과 어울리는 것을 좋아하는 외향적인 사람이다,,
,bigFive_flaws,I have a tendency finding flaws in other people,Başkalarında kusur bulma eğilimim vardır,나는 다른 사람의 약점을 쉽게 파악하는 편이다,,
,bigFive_tasks,I complete tasks meticulously and completely,İşimi titizlikle tam yaparım,나는 신중하고 완벽하게 일을 처리한다,,
,bigFive_tense,I am easy to tense up and worry,Kolay gerilir ve kaygılanırım.,나는 쉽게 긴장하고 걱정하는 사람이다,,
,bigFive_active,I have an active and vivid imagination,Aktif bir hayal gücüm vardır,나는 능동적이고 생생한 상상력을 가지고 있다,,
,aggreement1,Completely disagree,Hiç katılmıyorum,전혀 동의하지 않는다,,
,aggreement2,Disagree,Katılmıyorum,동의하지 않는다,,
,aggreement4,Neither agree nor disagree,Ne katılıyorum ne katılmıyorum,보통이다,,
,aggreement4,Agree,Katılıyorum,동의한다,,
,aggreement5,Completely Agree,Tamamen katılıyorum,완전히 동의한다,,
4,cohen_instruction,"The following questions are about how many people you interact with on a regular basis. These people can be your immediate family members, friends, extended family member, neighbors etc.","Şimdi sordugumuz sorular, düzenli olarak kaç kişi ile görüştüğünüz ya da konuştuğunuzla ilgilidir. Bu kişiler aileniz, arkadaşlarınız, akrabalarınız, komşularınız veya benzeri yakınlarınız olabilir","다음의 질문들은 당신이 평소 연락하고 지내는 사람들에 대한 것입니다. 이들은 직계 가족, 친구, 친척, 이웃 등을 포함할 수 있습니다.",,
4a,martial,Which of the following best describes your marital status?,Medeni durumunuz nedir?,다음 중 당신의 결혼상태를 가장 잘 나타내는 것은 무엇입니까?,,
,marital1,Never married /single,Bekârım,결혼한적 없음/미혼,Let's delete marital 7 and 8,"(BC : Let's delete the marital 7 and 8, what do you think?"
,marital2,Currently married & living together,Evliyim,현재 결혼하여 배우자와 함께 살고 있음,,
,marital3,Separated,Evliyim ama ayrı yaşıyorum,별거,,
,marital4,Divorced,Boşandım,이혼,,
,marital5,Divorced and Remarried,Tekrar evlendim,이혼 후 재혼,,
,marital6,Widowed,Dulum,사별,,
,marital7,I am single but in a relationship (not living together),"Bekarım ama ilişkim var, ve birlikte yaşamıyorum. ",,,
,marital8,"I am single, but in a relationship (living together)","Bekarım ama ilişkim var, ve sevgilimle birlikte yaşıyorum",,,
4b,num_siblings,How many siblings do you have?,Kaç tane kardeşiniz var?,"형제, 자매는 몇 명 입니까?",,
4c,num_children,How many children do you have?,Kaç çocuğunuz var?,자녀는 몇 명 입니까?,,
4d,num_children_intouch,"How many of your children do you see or get in touch with  (including phone, messengers or text messages) at least once every 2 weeks?",Çocuklarınızın kaçıyla en az 2 haftada bir görüşüyorsunuz ya da telefonla konuşuyorsunuz?,"적어도 2주에 한 번 이상 만나거나 전화를 하는 자녀는 몇 명입니까? (전화, 메신저, 문자메세지 포함)",,
4e,parents,Are either of your parents living?,Ebeveynleriniz yaşıyor mu?,부모님께서는 살아계십니까?,,
,parents1,Only mother,Sadece annem yaşıyor   ,어머니만 살아계심,,
,parents2,Only father,Sadece babam yaşıyor,아버지만 살아계심,,
,parents3,both,İkisi de yaşıyor,양친 모두 살아계심,,
,parents4,neither,İkisi de vefat etti,양친 모두 돌아가심,,
4f,parents_touch,"Do you see or or get in touch with  (including phone, messengers or text messages) either of your parents at least once every 2 weeks?",Ebeveynlerinizle en az 2 haftada bir görüşüyor ya da telefonla konuşuyor musunuz?,"부모님 중 적어도 2주에 한 번 이상 뵙거나 연락드리는 분이 계십니까? (전화, 메신저, 문자메세지 포함)",,
4g,parents_partner,Are either of your in-laws (or partner's parents) living?,Eşinizin ebeveynleri yaşıyor mu?,배우자의 부모님께서는 살아계십니까?,,
,parents_partner1,Only mother,Sadece annesi yaşıyor,시어머님(또는 장모님)만 살아계심,,
,parents_partner2,Only father,Sadece babası yaşıyor,시아버님(또는 장인어른)만 살아계심,,
,parents_partner3,both,İkisi de yaşıyor,두 분 모두 살아계심,,
,parents_partner4,neither,İkisi de vefat etti,두 분 모두 돌아가심,,
,parents_partner5,I am not married,Evli değilim,미혼,,
4h,parents_partner_touch,"Do you see or get in touch with  (including phone, messengers or text messages) either of your partner's parents at least once every 2 weeks?","Eşinizin ebeveynleriyle telefon, mesaj ve benzeri yollarla en az 2 haftada bir görüşüyor musunuz?","배우자의 부모님 중 적어도 2주에 한 번 이상 뵙거나 연락드리는 분이 계십니까? (전화, 메신저, 문자메세지 포함)",,
4i,other_relatives,"How many other relatives (other than your spouse, parents & children) do you feel close to?","Eşiniz, ebeveynleriniz ya da çocuklarınız dışında kendinizi kaç akrabanıza yakın hissediyorsunuz? ","배우자, 부모님, 자녀 이외에 친하게 지내는 친척이 몇 명이나 있습니까?",,
4k,other_relatives_touch,"How many of these relatives do you see or get in touch with  (including phone, messengers or text messages) at least once every 2 weeks?","Bu akrabaların kaçıyla telefon, mesaj ve benzeri yollarla en az 2 haftada bir görüşüyorsunuz?","친하게 지내는 친척 중 적어도 2주에 한 번 이상 만나거나 연락하는 사람은 몇 명입니까? (전화, 메신저, 문자메세지 포함)",,
4l,close_friends,"How many close friends do you have?  (meaning people that you feel at ease with, can talk to about private matters, and can call on for help)","Kaç tane yakın arkadaşınız var? (Yakın arkadaştan kasıt yanında rahat hissettiğiniz, özel konulardan bahsedebildiğiniz ve gerektiğinde yardım isteyebildiğiniz kişilerdir)","친하게 지내는 친구들은 몇 명입니까? (같이 있으면 편하고, 사적인 이야기들을 나눌 수 있고, 도움을 요청할 수 있는 친구)",,
4m,close_friends_touch,"How many of these friends do you see or get in touch with  (including phone, messengers or text messages) at least once every 2 weeks","Bu arkadaşlarınızdan kaçıyla telefon, mesaj ve benzeri yollarla en az 2 haftada bir görüşüyorsunuz?","친하게 지내는 친구들 중 적어도 2주에 한 번 이상 만나거나 연락하는 사람은 몇 명입니까? (전화, 메신저, 문자메세지 포함)",,
4n,religious,"Do you belong to a church, temple, or other religious group?",İnancınızdan ötürü ibadet için düzenli olarak görüştüğünüz kişiler var mı?,교회나 절 같은 종교 집단에 소속되어 있습니까?,,
,yn1,Yes,Evet,예,,
,yn2,No,Hayır,아니오,,
4o,religious_members,"How many members of your church or religious group do you talk to or get in touch with  (including phone, messengers or text messages) at least once every 2 weeks? (This includes at group meetings and services.)","Bu kişiler arasından kaçıyla en az ayda bir telefon, mesaj ve benzeri yollarla görüşüyorsunuz? (Grupça buluşmalarınız dahil)","교회나 절 같은 종교집단에 속해있다면 교회(또는 절)에 같이 다니는 사람들 중 적어도 2주에 한 번 이상 만나거나 연락하는 사람은 몇 명입니까? (전화, 메신저, 문자메세지 포함; 친교, 성경공부 등의 종교적 목적의 소모임 포함)",,
4p,classes,"Do you attend any classes (school, university, technical training, or adult education) on a regular basis?","Düzenli olarak bir kursa ya da okula gidiyor musunuz? (okul, üniversite, eğitim programı vb)? ","학교, 대학, 직업훈련, 평생교육 같은 기관에서 정규적으로 듣는 수업이 있습니까?",,
4r,talk_students_teachers,"How many fellow students or teachers do you talk to or get in touch with  (including phone, messengers or text messages) at least once every 2 weeks? (This includes at class meetings.)","Kaç sınıf arkadaşınız ya da öğretmeninizle telefon, mesaj ve benzeri yollarla en az 2 haftada bir görüşüyorsunuz? (ders günleri dahil)","함께 수업듣는 학생이나 선생님들 중 적어도 2주에 한 번 이상 연락하고 지내는 사람이 있습니까? (전화, 메신저, 문자메세지 포함)",,
4s,employed,Are you currently employed either full or part-time?,Bir yerde tam ya da yarı zamanlı çalışıyor musunuz?,"현재 봉급이 나오는 직장에 고용되어 있습니까? (정규직, 비정규직 모두 포함)",,
,employed1,No,Hayır,아니오,,"bc: You are right, I have erased the option 4, changed it to 'retired' see the comment below"
,employed2,I am self-employed,"Evet, kendi işimde",자영업자,,
,employed3,Yes employed by others,"Evet, başkasının işinde","예, 현재 봉급받고 일을 하고 있음",,
,employed4,Retired ,Emekli,퇴직함,"yes, I think it's good to include 'retired.' I've changed the translation.","bc: Sungeun, do you think we need this; 'retired'? if not then let's stick to the first three"
4t,talk_work,"How many people at work (other than those you supervise) do you talk to or get in touch with  (including phone, messengers or text messages) at least once every 2 weeks?","Denetlediğiniz, yönettiğiniz veya sorumlu olduğunuz kişiler dışında iş yerinizden kaç kişiyle telefon, mesaj ve benzeri yollarla en az 2 haftada bir görüşüyorsunuz?","직장동료 중 적어도 2주에 한 번 이상 개인적으로 연락하는 사람은 몇 명입니까? (전화, 메신저, 문자 메세지 포함)",,
4u,visit_neighbors,"How many of your neighbors do you visit or or get in touch with  (including phone, messengers or text messages) at least once every 2 weeks?","Komşularınızdan kaçını en az 2 haftada bir ziyaret ediyor veya telefon, mesaj ve benzeri yollarla görüşüyorsunuz?","이웃 중 적어도 2주에 한 번 이상 방문하거나 연락하는 사람은 몇 명입니까? (전화, 메신저, 문자메세지 포함)",,
4v,volunteer,Are you currently involved in regular volunteer work?,"Kâr amacı gütmeyen, gönüllü bir çalışmaya dâhil misiniz?",현재 정기적으로 하는 자원봉사 활동이 있습니까?,,
4w,num_volunteer,"How many people involved in this volunteer work do you talk to or get in touch with  (including phone, messengers or text messages) about volunteering-related issues at least once every 2 weeks?","Bu çalışmaya dâhil olan kişilerin kaçıyla telefon, mesaj ve benzeri yollarla en az 2 haftada bir gönüllülükle ilgili konular hakkında konuşuyorsunuz?","함께 봉사활동을 하는 사람들 중 적어도 2주에 한 번 이상 연락하고 지내는 사람은 몇 명입니까? (전화, 메신저, 문자메세지 포함)",,
4z,social_group,"Do you belong to any groups in which you talk to one or more members of the group about group-related issues at least once every 2 weeks?  Examples include social clubs, recreational groups, trade unions, commercial groups, professional organizations, groups concerned with children like the PTA or Boy Scouts,  groups concerned with community service, etc","Gönüllü çalışma yaptığınız grup dışında, diğer grup üyeleriyle en az 2 haftada bir grupla ilgili konular hakkında konuştuğunuz bir gruba üye misiniz? Bu grup sosyal kulüp, spor kulübü, işçi sendikası, kooperatif, ticaret birliği, profesyonel organizasyon, sosyal servis hizmeti, TOÇEV gibi çocuklarla çalışan bir yardım kampanyası ya da benzeri bir organizasyon olabilir","적어도 2주에 한 번 이상 연락하거나 만나는 집단에 소속되어 있습니까? (예: 친목모임, 여가활동 모임, 전문가 조직, 학부모 모임, 보이스카우트 같은 자녀관련모임, 지역사회 모임 등)",,
4y,group_name,Consider those groups in which you talk to a fellow group member at least once every 2 weeks.  Please provide the following information for each such group:  the name or type of group and the total number of members in that group that you talk to at least once every 2 weeks.,En az 2 haftada bir diğer grup üyeleriyle konuştuğunuz bu grubu/grupları düşünün. Lütfen bu grubun/grupların isimlerini ya da türlerini ve en az 2 haftada bir konuştuğunuz grup üyelerinin sayılarını yazın.,"적어도 2주에 한 번이상 연락하거나 만나는 집단에 소속되어 있다면, 그 집단의 이름 또는 유형과 소속집단 구성원의 수를 적어주십시오.",,
,group_member,Number of member </br> with whom you</br> interact with at least once </br>every other week,En az 2 haftada bir görüştüğünüz üye sayısı,적어도 2주에 한 번 이상 연락하거나 만나는 집단의 구성원 수,,
5,happy,"Taking all things together, would you say you are","Herşeyi göz önünde bulundurursanız, ne kadar mutlusunuz",여러가지면들은 종합해서 고려해 볼 때 당신은,,
,happy1,Very Happy,Çok mutlu,아주 행복하다,,
,happy2,Rather Happy,Mutlu,다소 행복하다,,
,happy3,Not very happy,Çok mutlu değil,그다지 행복하지는 않다,,
,happy4,Not at all happy,Hiç mutlu değil,전혀 행복하지 않다,,
6,instructions1,"Below are five statements that you may agree or disagree with. Using the 1 - 5 scale below, indicate your agreement with each item by placing the appropriate number on the line preceding that item. Please be open and honest in your responding.","Aşağıdaki ifadelere ne kadar katılıp katılmadığınızı sizin kendinize dair genel düşüncelerinizi ve hislerinizi anlamak için soracağız. 1 hiç katılmıyorum, 3 ne katılıyorum ne katılmıyorum ve 5 tamamen katılıyorum anlamına gelecek şekilde 1 ile 5 arasında bir puan verebilirsiniz",다음의 다섯 개의 문항들은 당신이 동의할수도 동의하지 않을 수도 있습니다. 각 문항을 읽고 1-5점 척도로 평정하여 주십시오. 가능한 개방적이고 정직하게 답변해주시기 바랍니다.,,
,life_satisfaction_ideal,In most ways my life is close to my ideal,Pek çok açıdan ideallerime yakın bir yaşamım var,대체로 나의 삶은 내가 이상적이라고 여기는 것과 가깝다,,
,life_satisfaction_conditions,The conditions of my life are excellent,Yaşam koşullarım mükemmeldir,내 삶의 여건들은 아주 좋다,,
,life_satisfaction_satisfied,I am satisfied with my life.,Yaşamım beni tatmin ediyor,나는 내 삶에 만족한다,,
,life_satisfaction_things,So far I have gotten the important things I want in life,"Şimdiye kadar, yaşamda istediğim önemli şeyleri elde ettim.",나는 지금까지 내가 삶에서 원하는 것들을 이루어 왔다,,
,life_satisfaction_change,"If I could live my life over, I would change almost nothing","Hayatımı bir daha yaşama şansım olsaydı, hemen hemen hiçbir şeyi değiştirmezdim.",만일 내 삶을 다시 살 수 있다해도 나는 거의 아무것도 변화시키지 않을 것이다,,
,aggreement_strong1,Strongly disagree,Hiç katılmıyorum,매우 동의하지 않는다,,
,aggreement_strong2,Disagree,Katılmıyorum,동의하지 않는다,,
,aggreement_strong3,Neither agree nor disagree,Ne katılıyorum ne katılmıyorum,보통이다,,
,aggreement_strong4,Agree,Katılıyorum,동의한다,,
,aggreement_strong5,Strongly Agree,Tamamen katılıyorum,매우 동의한다,,
7,happiness_rating,"Compared with most of my peers, I consider myself","Akranlarımla yani bana benzer yaşta kişilerle karşılaştırdığımda, çoğuna göre kendimi şöyle değerlendiririm",내 주변친구나 동료들에 비해 나는,,
,happiness1,Less Happy,Daha az mutlu,덜 행복한 것 같다,,
,happiness2,Very Happy,Daha çok mutlu,더 많이 행복한 것 같다,,
,rating1,Less happy 1,Daha az mutlu 1,덜 행복한 것 같다 1,"Yep, included it",SUNGEUN: YOU MAY WANT TO WRITE IN YOUR OWN LANGUAGE AS WELL HERE
,rating2,2,2,,, FOR 1 AND 7 
,rating3,3,3,,,
,rating4,4,4,,,
,rating5,5,5,,,
,rating6,6,6,,,
,rating7,Very happy 7,Daha çok mutlu 7,더 많이 행복한 것 같다 7,"Yep, included it",
8,communal1,"While answering the following questions, please think about how people you are close to (your family, friends, loved ones) generally act when you are faced with a problem.

Please rate the statements below based on how much you aree and disagree with them.","Aşağıdaki sorulara yanıt verirken bir sorunla karşılaştığınızda yakın çevrenizdeki kişilerin (aileniz, yakınlarınız, arkadaşlarınız gibi) çoğunlukla ne yaptıklarını düşünerek cevaplayınız. 1 hiç katılmıyorum, 3 ne katılıyorum ne katılmıyorum ve 5 tamamen katılıyorum anlamına gelecek şekilde 1 ile 5  arasında bir puan verebilirsiniz","어려운 일이 있었을 때 내 주변의 가까운 사람들(가족, 친구, 애인)이 보통 어떻게 행동하는지를 생각하면서 질문에 답해주십시오. 다음의 문장을 일고 얼마나 동의하는지를 답해주세요.",,
9,communal2,"Now we will ask you what you would do when  people in your immediate circle  (family, friends, loved ones) were to face a problem.
Please rate the statements below based on how much you aree and disagree with them.","Şimdi de yakın çevrenizdeki insanların (aileniz, yakınlarınız, sevdikleriniz gibi) sorunları olduğunda sizin neler yaptığınızı soracağız.","이제 가족, 친구 애인과 같이 가까운 주변사람이 어려운 문제를 겪을 때 당신이 어떻게 할 것인지에 대해 물을 것입니다. 다음의 문장을 읽고 얼마나 동의하는지를 답해주세요.",,
,communal1_item1,"When I share a problem with people who are in my immediate circle (my family, friends, loved ones) they think of this problem as our problem, not only my problem.,","Bir sorunumu yakın çevremdeki kişilerle (ailemle, yakınlarımla, veya arkadaslarimla) paylaştığımda bu sırf benim problemim değil hepimizin problemiymiş gibi düşünürler","내 주변의 가까운 사람들(가족, 친구, 애인)에게 내 문제를 이야기하면 그들은 이러한 문제들이 오직 나의 문제가 아닌 우리의 문제라고 생각해준다",,
,communal1_item2,"When I am faced with a problem, people who are in my immediate circle (my family, friends and loved ones) solve this problem for me (resorting mainly to their own resources  or mobilizing my resources themselves) ,","Bir sorunum olduğunda, yakın çevremdeki kişiler (ailem, yakınlarım, veya arkadaşlarım) bu problemi benim yerime çözerler (kendi kaynaklarını kullanarak veya benim kaynaklarımı harekete geçirerek)","내 주변의 가까운 사람들(가족, 친구, 애인)은 내가 문제에 직면했을 때 나를 위해 문제를 해결해주려고 노력한다(본인의 자원을 제공하거나 내가 활용할 수 있는 자원들을 함께 모색하는 등)",,
,communal1_item3,"When I am faced with a problem, people who are in my immediate circle (my family, friends and loved ones) share the responsibility to solve this problem with me. ,","Bir sorunum olduğunda, yakın çevremdeki kişiler (ailem, yakınlarım, veya arkadaşlarım) problemimi çözme sorumluluğunu benimle paylaşırlar, benimle birlikte çözerler","내 주변의 가까운 사람들(가족, 친구, 애인)은 내가 문제에 직면했을 때 문제를 해결하기 위한 책임을 공유한다",,
,communal1_item4,"When dealing with my problem, unless the requests and needs of people who are in my immediate circle (family, friends, loved ones) are met, that problem would not be considered resolved. ,","Bir sorunumla alakalı yakın çevremdeki kişilerin (ailemin, yakınlarımın, veya arkadaşlarımın) istekleri ve ihtiyaçları karşılanmadıkça bu sorun çözülmüş sayılmaz","내 문제를 해결하는 과정에서 내 주변의 가까운 사람들(가족, 친구, 애인)이 바라는 것들이 충족되지 않는다면 그 문제는 해결된 것으로 간주하지 않는다",,
,communal1_item5,"When I am dealing with a problem, no one really cares about it.","Bir sorunum olduğunda, kimse bunu pek de umursamaz.","내가 해결해야 하는 어떤 문제가 있을 때, 내 문제에 진정으로 관심가져주는 주변 사람이 없다",,
,communal1_item6,"When I am faced with a problem, people who are in my immediate circle think that I am the responsible one in resolving this problem.  ","Bir sorunum olduğunda, yakın çevremdeki kişiler bunun çözümünün asıl sorumlusu olarak beni görürler.","내가 어떤 문제에 직면할 때, 내 주변의 가까운 사람들은 그 문제를 해결하기 위한 책임이 나에게 있다고 생각한다",,
,communal2_item1,When people in my immediate circle come to me with a problem I think of it as my problem,Yakın çevremdeki insanlar bana bir sorunla geldiğinde bunu kendi problemimmiş gibi düşünürüm.,"내 주변의 가까운 사람들(가족, 친구, 애인)이 나에게 그들의 문제를 의논하면 나를 그것을 내 문제처럼 생각한다",,
,communal2_item2,"When people in my immediate circle come to me with a problem I solve it for them (resorting mainly to my own resources  or mobilizing their resources myself) ,",Yakın çevremdeki insanlar bana bir sorunla geldiğinde ben bu sorunu onların yerine çözerim (onların kaynaklarını kullanarak veya kendi kaynaklarımı harekete geçirerek),"내 주변의 가까운 사람들(가족, 친구, 애인)이 나에게 그들의 문제를 의논하면 나를 그 문제를 해결해 주려고 노력한다",,
,communal2_item3,When people in my immediate circle come to me with a problem we share the responsibility and solve it together.,"Yakın çevremdeki insanlar bana bir sorunla geldiğinde, sorunlarını çözme sorumluluğunu paylaşır, birlikte çözerim","내 주변의 가까운 사람들(가족, 친구, 애인)이 나에게 그들의 문제를 의논하면 나는 그 문제를 함께 해결하고 책임을 공유한다",,
,communal2_item4,"When dealing with the problem of anyone in my immediate circle, unless the requests and needs of all people concerned are met, that problem would not be considered resolved.","Yakın çevremdeki insanlar bir sorunla baş ederken, sorunla alakalı herkesin istekleri ve ihtiyaçları karşılanmadıkça bu sorun çözülmüş sayılmaz","내 주변의 가까운 사람들(가족, 친구, 애인) 중 누군가에게 문제가 생겼을 때, 주변사람들의 요구와 바램이 충족되지 않는다면 그 문제는 해결된 것이라고 간주하지 않는다",,
,communal2_item5,When people in my immediate circle have a problem I won’t care about it a lot.,Yakın çevremdeki insanların bir sorunu olduğunda pek de umursamam,"내 주변의 가까운 사람들(가족, 친구, 애인)에게 문제가 생기더라도때 나는 크게 신경쓰지 않는다",,
,communal2_item6,When people in my immediate circle have a problem I think that it is mainly their own responsibility to solve them.,Yakın çevremdeki insanların sorunları olduğunda bu sorunların çözümünün esas sorumlusunun kendileri olduğunu düşünürüm,"내 주변의 가까운 사람들(가족, 친구, 애인)에게 문제가 생긴다면, 그 문제해결을 위한 주된 책임은 당사자가 져야 한다고 생각한다",,
10,burden,"The following questions ask you to think about yourself and other people.  Please respond to each question by using your own beliefs and experiences, NOT what you think is true in general, or what might be true for other people.","Şimdi size soracağım sorular kendiniz ve diğer insanlar hakkında düşünmenizi istemektedir. Lütfen her soruyu kendi düşünce ve deneyimleriniz doğrultusunda cevaplayınız, biz sizin nasıl düşündüğünüz ve hissettiğinizle ilgilenmekteyiz, başka insanlar için neyin doğru olabileceği ile DEĞİL. 1 hiç katılmıyorum, 3 ne katılıyorum ne katılmıyorum ve 5 tamamen katılıyorum anlamına gelecek şekilde 1 ile 5  arasında bir puan verebilirsiniz",당신과 당신 주변사람들을 생각하면서 다음에 답해주십시오. 당신 자신의 경험과 믿음에 근거하여 각 문항에 답해주세요.,,
,burden_item1,The people in my life would be better off if I were gone.,Eğer ben olmasaydım hayatımdaki insanların yaşamları daha iyi olurdu,내 주변사람들은 내가 없으면 더 잘 살 것 같다,,
,burden_item2,The people in my life would be happier without me,Ben olmasam hayatımdaki insanlar daha mutlu olurdu.,내 주변사람들은 내가 없으면 더 행복할 것 같다,,
,burden_item3,I think I am a burden on society,"Genel olarak, topluma bir yük olduğumu düşünürüm",나는 우리 사회에 짐이 되는 것 같아,,
,burden_item4,I think my death would be a relief to the people in my life,Ölümümün hayatımdaki insanları rahatlatacağını düşünürüm,나는 내가 죽어야 다른 사람들의 걱정이 없어질 것 같다고 느낀다,,
,burden_item5,I think the people in my life wish they could be rid of me,Hayatımdaki insanların benden kurtulmayı dilediklerini düşünürüm,내 주변사람들은 내가 없어져 버렸으면 좋겠다고 생각하는 것 같다,,
,burden_item6,I think I make things worse for the people in my life,Hayatımdaki insanlar için işleri daha kötü hale getirdiğimi düşünürüm,나는 내 주변사람들의 상황을 악화시키고 있는 것 같다,,
,burden_item7,Other people care about me,İnsanların beni önemsediğini düşünürüm,나를 배려하고 생각해주는 사람들이 있다,,
11,belong,"Here are some statements, which you may or may not agree. Please indicate to what degree you agree with the following statements.","Aşağıdaki ifadelere ne kadar katıldığınızı söylemenizi isteyeceğim.
Size okuyacağım ifadelere 1 hiç katılmıyorum, 3 ne katılıyorum ne katılmıyorum ve 5 tamamen katılıyorum anlamına gelecek şekilde 1 ile 5  arasında bir puan verebilirsiniz",다음의 문항들은 당신이 동의할 수도 동의하지 않을 수도 있는 것들입니다. 각 문항을 읽고 동의하는 정도를 답해주세요.,,
,belong_item1,I often wonder if there is any place on earth where I really fit in,Kendimi gerçekten ait hissedebileceğim bir yerin olup olmadığından emin değilim,나는 종종 지구 어디인가에 내게 잘 어울리는 그런 곳이 있을까 하는 의문이 든다,,
,belong_item2,I am just not sure if I fit in with my friends,Kendimi arkadaş çevreme gerçekten ait hissedip hissetmediğime emin değilim,나랑 잘 맞는 친구가 없는 것 같다,,
,belong_item3,I would describe myself as a misfit in most social situations,Çoğu ortamda uyumsuz biriyimdir,나는 대부분의 사회적 상황에서 부적합한 사람이다,,
,belong_item4,I generally feel that people accept me,Genellikle insanlar beni olduğum gibi kabul ederler,나는 보통 다른 사람들에게 받아들여진다고 느낀다,,
,belong_item5,I feel like a piece of a jig-saw puzzle that doesn’t fit into the puzzle.,Kendimi bir bütünün uymayan bir parçası gibi hissediyorum,나는 내 자신이 어디에도 맞지 않는 남은 퍼즐조각처럼 느껴진다,,
,belong_item6,"I would like to make a difference to people or things around me, but I don’t feel that what I have to offer is valued",Çevremdeki insanlara faydam olsun isterim ve insanlar da bunun kıymetini bilir,"나는 다른 사람들이나 주변의 일들에 도움이 되는 사람이고 싶지만, 내가 할 수 있는 일들이 가치있게 받아들여지지 않는 것 같다",,
,belong_item7,I feel like an outsider in most situations,Kendimi çoğu zaman dışlanmış hissediyorum,나는 대부분의 상황에서 이방인처럼 느낀다,,
,belong_item8,I am troubled by feeling like I have no place in this world,Bu dünyada bir yerim olduğuna eminim ve bu beni çok mutlu ediyor,이 세상 어디에도 내가 설 곳이 없는 것 같아 괴롭다,,
,belong_item9,I could disappear for days and it wouldn’t matter to my family,"Günlerce ortadan kaybolsam, bu ailemin umurunda olmaz",내가 며칠동안 사라져도 나의 가족들은 개의치 않을 것이다,,
,belong_item10,"In general, I don’t feel a part of the mainstream of society",Kendimi toplumun bir parçası gibi hissetmiyorum.,나는 사회의 주류가 아니라고 느낀다,,
,belong_item11,I feel like I observe life rather than participate in it,"Hayatın içinde değilmişim, hayata dışarıdan bakıyormuşum gibi hissediyorum",나는 삶에 적극적으로 참여하기 보다는 방관적이다,,
,belong_item12,"If I died tomorrow, very few people would come to my funeral",Yarın ölseydim çok az kişi cenazeme katılırdı.,내가 내일 죽더라도 나의 장례식장에 올 사람들은 별로 없을 것이다,,
,belong_item13,I feel like a square peg trying to fit into a round ,Aslında ait olmadığım bir yere ait olmak için çabaladığımı hissediyorum,나는 내 자신이 동그란 구멍에 억지로 맞추려는 네모조각 같다는 느낌이 든다(이 세상에 맞지 않는 부적응자라고 느낀다),,
12,rahe,"Everyone comes across negative and positive life events, which might be stress inducing. We are asking you to think of LAST YEAR and indicate if you have experienced any of the listed events, within the LAST YEAR. If you have experienced an event, we will ask you how much you were affected by this event, on a scale from 'Not at all affected' to 'Very much affected'.","Herkesin başına belli zamanlarda olumlu veya olumsuz, bazen sıkıntılı bazen sevindirici olaylar gelebiliyor.  Biz sizin SON BİR SENE’yi düşünmenizi ve SON BİR SENEDE sıralayacağımız/soracağımız olaylardan her birini yaşayıp yaşamadığınızı belirtmenizi istiyoruz.  Bu olayı yaşadıysanız ne kadar etkilendiğinizi soracağız. Böyle bir olay yaşadıysanız gene 1 ile 5arasında etkilenip etkilenmediğinizi belirtiniz",누구나 살다보면 부정적인 사건과 긍정적인 사건들을 경험하게 됩니다. 다음 중 지난 한 해 동안 당신이 경험한 사건에 대해 해당 사건이 얼마나 당신에게 영향을 주었는지를 평정하시오.,,
,affected1, I did not experience such an event,Böyle bir olay yaşamadım,경험한 적 없음,,
,affected2,Not at all effected,Hiç etkilenmedim,전혀 영향받지 않음,,
,affected3,Not affected,Etkilenmedim,영향받지 않음,,
,affected4,Neither affected nor not affected,Ne etkilendim ne etkilenmedim,보통,,
,affected5,Affected,Etkilendim,영향받음,,
,affected6,Very much affected,Çok etkilendim,매우 많이 영향을 받음,,
,rahe_item1,Death of spouse,Eşin/sevgilinin ölümü,배우자의 죽음,,
,rahe_item2,Divorce,Boşanmak,이혼,,
,rahe_item3,Marital separation from mate,Evli eşlerin boşanmadan ayrı yaşamları,별거,,
,rahe_item4,Detention in jail or other institution,"Gözaltı, tutuklama, hapse girmek",구치소에 수감됨,,
,rahe_item5,Death of a close family member,Aileden yakın birinin ölümü,가까운 가족의 죽음,,
,rahe_item6,Major personal injury or illness,Kişisel yaralanma veya hastalık,중한 질병이나 상해,,
,rahe_item7,Marriage,Evlenmek,결혼,,
,rahe_item8,Being fired at work,İşinden çıkarılmak,직장에서 해고당함,,
,rahe_item9,Marital reconciliation with mate,Eş/sevgili ile barışmak,이혼이나 별거 후 재결합,,
,rahe_item10,Retirement from work,Emekliye ayrılmak,정년퇴임 또는 은퇴,,
,rahe_item11,Major change in the health or behavior of a family member,Aile üyelerinden birinin sağlığında önemli değişim,가족의 건강이나 행동에 있어서의 중대한 변화,,
,rahe_item12,Pregnancy,Hamilelik/veya eşin hamileliği,임신,,
,rahe_item13,Sexual difficulties,Cinsel problemler,성 문제,,
,rahe_item14,"Gaining a new family member (i.e. birth, adoption, older adult moving in etc.),",Aileye yeni birinin katılması,"새로운 가족이 생김(출산, 입양, 따로 살던 부모님을 모시게 됨 등)",,
,rahe_item15,Major business readjustment,İşte/görevde yeniden düzenleme,사업 또는 직장에서의 변화로 인한 재적응,,
,rahe_item16,Major change in financial state (i.e. a lot worse or better off than usual),Ekonomik/parasal durumda önemli değişim,재정상태의 변화(이전보다 훨씬 좋아지거나 나빠짐),,
,rahe_item17,Death of a close friend,Yakın arkadaş ölümü,가까운 친구의 죽음,,
,rahe_item18,Changing to a different line of work,Başka bir çalışma alanına geçiş,업무상의 변화(이전과 다른 업무를 담당하게 됨),,
,rahe_item19,"Major change in the number of arguments w/spouse (i.e. either a lot more or a lot less than usual regarding child rearing, personal habits, etc.),",Eşle yapılan tartışmaların sayısında değişiklik (artış veya düşüş),배우자와의 다툼이 이전에 비해 훨씬 잦아지거나 줄어듬(예: 양육이나 성격등의 문제로 인한 다툼이 평소보다 훨씬 더 잦아지거나 줄어듬),,
,rahe_item20,"Taking on a mortgage (for home, business etc.)",200.000 TL üstü ödenecek konut/ev kredisi,주택구입(전세포함)이나 사업상의 이유로 담보대출을 받음,,
,rahe_item21,Foreclosure on a mortgage or loan,Kredisi ödenemeyen eve veya geri ödenemeyen krediye haciz gelmesi,담보대출받은 집이나 재산이 압류당함,,
,rahe_item22,"Major change in responsibilities at work (i.e. promotion, demotion, etc.)",İş sorumluluklarında önemli değişim,"직장 내에서의 책임의 변화(승진, 진급을 하거나 강등, 좌천당함)",,
,rahe_item23,"Son or daughter leaving home (marriage, attending college, joined mil.)",Oğul veya kızın evden ayrılması,"성인자녀가 집을 떠남(결혼으로 인한 출가, 대학진학, 군대입대 등)",,
,rahe_item24,In-law troubles,Eşin ailesiyle sorun yaşamak,시댁식구나 처가식구와의 갈등,,
,rahe_item25,Outstanding personal achievement,Önemli bir kişisel başarı,탁월한 개인적 성취,,
,rahe_item26,Spouse beginning or ceasing work outside the home,Eşin işe başlaması veya bırakması,배우자가 새로운 일을 시작하거나 하던 일을 그만둠(가정일 제외),,
,rahe_item27,Beginning or ceasing formal schooling,Okula başlamak veya okulu bitirmek,"정규교육을 시작하거나 중단함(예: 대학진학 또는 졸업, 자퇴)",,
,rahe_item28,"Major change in living condition (new home,remodeling, deterioration of neighborhood or home etc.)","Yaşam koşullarında önemli değişim (yeni ev, evin yenilenmesi, ev veya mahallenin yaşam koşullarında değişim)","생활환경에 있어서의 중요한 변화(새집으로 이사함, 리모델링, 평소살던 집보다 열악한 집 또는 지역으로 이사를 가게됨 등)",,
,rahe_item29,"Revision of personal habits (dress manners, associations, quitting smoking)","Alışkanlıkları değiştirmek (kıyafet tarzının değişmesi, bir gruba katılmak, sigarayı bırakmak vb.)","개인적인 생활습관의 변화 및 수정(옷 입는 스타일, 금연 등)",,
,rahe_item30,Troubles with the boss,Patronla yaşanan sorunlar,상사와의 갈등,,
,rahe_item31,Major changes in working hours or conditions,İş saatleri veya koşullarında önemli değişim,근무시간이나 근무조건에 있어서의 중대한 변화,,
,rahe_item32,Changes in residence,İkamet edilen yerde değişiklik/oturduğu evden taşınma,주거지 변경,,
,rahe_item33,Changing to a new school,Okul değiştirmek,새로운 학교로 옮김,,
,rahe_item34,Major change in usual type and/or amount of recreation,Boş zamanlarını değerlendirmede/ İstirahat alışkanlıklarında önemli değişiklik,여가활동 유형이나 참여빈도의 변화,,
,rahe_item35,Major change in church activity (i.e. a lot more or less than usual),Dini aktivitelerde değişiklik (eskisinden daha fazla veya daha az),종교활동 참여빈도의 변화,,
,rahe_item36,"Major change in social activities (clubs, movies, visiting, etc).","Sosyal aktivitelerde/etkinliklerde önemli değişiklik (kulüp üyelikleri, sinema, ziyaret vb.)",사회활동에 있어서의 변화(모임이나 이웃방문 등),,
,rahe_item37,"Taking on a loan (car, tv, freezer, etc)",200.000 TL altı ödenecek kredi borcu,"차, TV, 냉장고 등을 구입하기 위해 대출을 받거나 돈을 빌림",,
,rahe_item38,Major change in sleeping habits (a lot more or a lot less than usual),Uyku alışkanlıklarında önemli değişiklik,수면습관의 변화 (평소보다 훨씬 더 많이 자거나 덜 잠),,
,rahe_item39,Major change in number of family get togethers,Aile toplantılarının sayısında ya da aile ile bir araya gelme sayısında önemli değişiklik,가족들이 함께 모이는 빈도가 현저하게 변화(증가 또는 감소)함,,
,rahe_item40,"Major change in eating habits (a lot more or less food intake, or very different meal hours or surroundings)",Yeme alışkanlıklarında önemli değişiklik,"식습관의 변화(평소보다 훨씬 더 많이 먹거나 덜 먹음, 또는 식사시간이나 식사환경이 현저하게 변화함)",,
,rahe_item41,Vacation,Tatile gitmek,휴가 또는 방학,,
,rahe_item42,Major holidays,"Milli bayramlar, dini bayramlar, ve yeni yıl kutlamaları",명절이나 연휴,,
,rahe_item43,"Minor violations of the law (traffic tickets, jaywalking, disturbing the peace, etc)",Önemsiz kanunsuzluklar yapmak/ Kanunların küçük ihlali,"경미한 법적인 위반(교통위반 범칙금, 무단횡단, 공공질서 위반 등)",,
,rahe_item44,Problems in school,Okul/eğitimde sorunlar,학교 내에서의 문제,,
,rahe_item45,Not being able to find work,İş bulamamak,일자리를 찾지 못함,,
,rahe_item46,Problems in the relationship,"Flört, nişanlı, sözlü, erkek/kız arkadaş ile ilişkide zorluklar",대인관계 문제,,
,rahe_item47,Psychological distress,Psikolojik rahatsızlık,심리적 고통,,
,rahe_item48,Country-wide political and social problems,Ülke çapında politik ve sosyal problemler,"범국가적인 정치, 사회문제",,
,rahe_item49,"Did you experience a serious accident, fire, natural catastrophe such as an earthquake, physical harassement (beating, shaking), maltreatment (insult), or other serious, traumatic events that affect your life?","Ciddi bir kaza, yangın, deprem gibi doğal afetler, fiziksel şiddet (dövme, tartaklama), kötü muamele (hakaret gibi) ve bunun gibi ciddi, travmatik, hayatınızı çok etkilemiş bir olay yaşadınız mı?","심각한 사고, 화재, 자연재해, 신체적 폭행, 모욕 등의 부당한 대우를 받거나 트라우마(외상) 사건과 같이 삶에 영향을 주는 사건들을 경험하신 적이 있습니까?",,
,rahe_item50,Suicidal attempt of a close person,Bir yakının veya yakın bir arkadaşını kendini öldürme girişimi,가까운 사람이 자살시도를 함,,
,rahe_item51,Suicide of a close person,Bir yakının veya yakın bir arkadaşın kendi hayatına son vermesi,가까운 사람이 자살로 사망함,,
,rahe_item52,Being exposed to physical abuse,"Herhangi bir fiziksel şiddete (tokat atılmak, tartaklanmak, dövümek gibi) maruz kaldınız mı?",신체적 학대(폭력)를 당함,,
,rahe_item53,Being exposed to psychological abuse  such as insult,"Herhangi bir şekilde psikolojik şiddete maruz kaldınız mı? Hakaret, küfür ve bunun gibi?",심리적 학대(모욕 등)를 당함,,
,rahe_item54,"Being exposed to sexual abuse such as molestation, abuse, rape,","Cinsel şiddete maruz kaldınız mı? (sarkıntılık, taciz, tecavüz gibi)","성적인 학대(강간, 성폭력, 성추행)을 당함",,
,rahe_item55,Other,Diğer,기타 사건,,
13,instructions2,"With this questionnaire we are trying to understand how you respond to stressful events. There are many ways to deal with stress. While rating the items that follow please think of the most distressing event that you have experienced during the past year. Obviously, different people deal with things in different ways, but I'm interested in how you've tried to deal with it.  Each item says something about a particular way of coping.  We want to know to what extent you've been doing what the item says.  How much or how frequently.  Don't answer on the basis of whether it seems to be working or not—just whether or not you're doing it.  Try to rate each item separately in your mind from the others.  Make your answers as true FOR YOU as you can.
","Bu ölçek yardımıyla insanların günlük yaşamlarında kendilerine sıkıntı veren, kendilerini bunaltan olaylarla ya da sorunlarla karşılaştıkları zaman nasıl tepki verdiklerini anlamayı amaçlıyoruz. İnsanların karşılaştıkları sorunlarla baş etmelerinin çok sayıda yolu olabilir. Birazdan size okuyacağım ifadelerde insanların sorunlarla nasıl başettiklerine dair ifadeler olacak ve sizin bu yollara ne kadar başvurduğunuzu söylemenizi isteyeceğiz.  

İfadelere geçmeden evvel sizden biraz önce bahsettiğiniz olaylardan size EN SIKINTI YARATININI, sizi EN BUNALTANINI seçmenizi ve bize söylemenizi istiyoruz. 
Eğer geçen sene içerisinde hiçbir sorun yaşamadığını belirtiyorsa, en son yaşadığı sorunun hangisi olduğunu sorun, yazın ve onu düşünmesini isteyin.)
","다음의 문항들은 당신이 스트레스에 어떻게 반응하는지를 알아보기 위한 것입니다. 스트레스에 대처하는 방식은 여러가지가 있고, 사람들은 모두 각기 다른 방식으로 스트레스에 반응합니다. 다음의 문항들은 특정한 방식의 스트레스 대처에 관한 것들입니다. 다음의 문항들에 대해 지난 한 해 동안 경험했던 가장 고통스러웠던 사건을 떠올리면서 얼마나 종종 이러한 대처방식을 사용하셨었는지를 생각하시면서 답해주십시오.",,
,cope_b,"So first, please indicate, within the last year, which event has caused you the most distress and difficulty?  Please choose the most distressing event from the events you have indicated in the previous questionnaire. YOU HAVE INDICATED THE FOLLOWING AS THE MOST STRESSFUL.  PLEASE CHOOSE ONE, WE WILL BE ASKING YOU QUESTIONS REGARDING HOW YOU COPED WITH THIS STRESS.","İfadelere geçmeden evvel sizden biraz önce bahsettiğiniz olaylardan size EN SIKINTI YARATININI, sizi EN BUNALTANINI seçmenizi istiyoruz.  Aşağıda sizi en bunalttığını işaretlemiş olduğunuz durumlar var.  Bu durumlardan birini seçiniz. Bir sonraki etapta size bu durumla nasıl başaçıkmış olduğunuza dair sorular soracağız.",지난 1년 이내에 당신이 가장 고통스럽게 느끼고 힘들었던 사건은 무엇입니까? 위에서 경험하셨다고 답하신 사건들 중 가장 고통스러웠던 사건을 선택하십시오. .,,"(BC: I HAVE UPDATED THE INSTRUCTIONS SUNGEUN, PLEASE SEE WHETHER THIS MAKES MORE SENSE AND UPDATE YOUR OWN SIDE OF IT IF IT DOES)"
,cope_c,"While answering these questions, please think of how you generally acted when you were faced with the most distressing problem you have selected in the previous question. When I was faced with this problem…","Aşağıdaki soruları cevaplarken, lütfen biraz evvel seçtiğiniz sorunu düşünün ve bu durumla genel olarak nasıl başaçıktığınızı düşünerek cevaplayınız. Bu sorunu yaşarken….....",당신이 이전 질문에서 선택했던 어렵고 힘든 일들에 직면하여 당신이 어떻게 행동했었는지를 생각하면서 다음의 질문에 답해주십시오.,,
,done1, I have never done this,Bunu hiç yapmadım,해 본 적이 없음,,
,done2,I have rarely done this,Bunu çok az yaptım,거의 해 본 적이 없음,,
,done3,I have sometimes done this,Bazen böyle yaptım,가끔 해 보았음,,
,done4,I have mostly done this,Çoğunlukla böyle yaptım,대부분 했었음,,
,done5,I have always done this,Bunu hep  yaptım,항상 했음,,
,cope_c_item1,I've been turning to work or other activities to take my mind off things.,Sorun olan şeyleri aklımdan atmak için bir şeyler yapmaya ya da başka türlü etkinliklere yöneldim,나는 그 일을 생각하지 않기 위해 일에 몰두하거나 다른 활동을 했다,,
,cope_c_item2,"I've been concentrating my efforts on doing something about the situation I'm in.,",İçinde olduğum durumla ilgili birşeyler yapmaya konsantre oldum.,내가 처한 상황을 해결하기 위한 일들을 하는데에 내 노력을 집중하였다,,
,cope_c_item3,I've been saying to myself this isn't real.,Sorun gerçekte olmamış gibi davrandım,이건 현실이 아닐 거라고 나 자신에게 혼자말로 이야기했다,,
,cope_c_item4,I've been using alcohol or other drugs to make myself feel better.,Kendimi iyi hissettmek için alkol veya ilaç kullandım.,기분을 달래기 위해 술을 마셨다,,
,cope_c_item5,I've been getting emotional support from others.,Başkalarından duygusal destek aldım,주변사람들의 정서적 지지를 받았다,,
,cope_c_item6,"I've been giving up trying to deal with it.,",Bu sorunla baş edemeyeceğimi kabul ettim ve denemekten vaz geçtim.,그 일을 해결하는 것을 포기하였다,,
,cope_c_item7,I've been taking action to try to make the situation better.,Durumu düzeltmek için harekete geçtim.,상황을 호전시키기 위한 행동을 했다,,
,cope_c_item8,I've been refusing to believe that it has happened.,Bu olayın olduğuna inanmayı reddettim.,그 일이 일어났다는 사실을 믿지 않으려했다,,
,cope_c_item9,I've been saying things to let my unpleasant feelings escape.,Olumsuz hislerimden kurtulmak için konuştum,나의 불쾌한 감정을 떨쳐버리기 위해 이런저런 말들을 해 보았다,,
,cope_c_item10,I’ve been getting help and advice from other people.,Başkalarından yardım ve tavsiye aldım,다른사람들에게 도움을 청하거나 조언을 들어보았다,,
,cope_c_item11,I've been using alcohol or other drugs to help me get through it.,Alkol ya da sakinleştirici alarak olanları unutmaya çalıştım.,상황을 극복하기 위한 방책으로 술을 마시거나 기타 다른 약물들을 사용해보았다,,
,cope_c_item12,"I've been trying to see it in a different light, to make it seem more positive.","Yaşanan olaya başka bir açıdan bakmaya, daha olumlu düşünmeye çalıştım",보다 긍정적인 마음을 갖고자 다른 관점에서 사건을 바라보려고 노력했다,,
,cope_c_item13,I’ve been criticizing myself.,Kendimi eleştirdim,나 자신을 스스로 비난해 보았다,,
,cope_c_item14,I've been trying to come up with a strategy about what to do.,Ne yapmam gerektiği konusunda bir strateji geliştirmeye çalıştım,무슨 일을 할 지에 대한 전략(계획)을 짜보려고 노력했다,,
,cope_c_item15,I've been getting comfort and understanding from someone.,Birisinden/birilerinden teselli ve anlayış gördüm,누군가가 나를 이해해주고 위로를 해 주었다,,
,cope_c_item16,I've been giving up the attempt to cope.,Baş etme çabalarımdan vazgeçtim,대처하려는 시도를 포기하였다,,
,cope_c_item17,I've been looking for something good in what is happening.,Olayların iyi yanını görmeye çalıştım,스트레스 상황 속에서도 그 일이 나에게 주는 좋은 측면을 찾아보고자 했다,,
,cope_c_item18,I've been making jokes about it.,Söz konusu sorunla ilgili şakalar yaptım,그 일에 대해 농담을 해 보았다,,
,cope_c_item19,"I've been doing something to think about it less, such as going to movies, watching TV, reading, daydreaming, sleeping, or shopping.,","Durumu daha az düşünmek, kendimi oyalamak için birşeyler yaptım (sinemaya gitmek, film izlemek, kitap okumak, hayal kurmak, uyumak ya da alışveriş yapmak gibi)","그 일에 대한 생각을 덜 하려고 이런저런 일들을 해 보았다(영화관람, TV 보기, 책 읽기, 혼자 공상하기, 잠자기, 쇼핑하기 등)",,
,cope_c_item20,I've been accepting the reality of the fact that it has happened.,Böyle bir şeyin olduğu gerçeğini kabul ettim,일어난 사건(사실)을 현실적으로 받아들였다,,
,cope_c_item21,I've been expressing my negative feelings.,Olumsuz duygularımı dışarı vurdum,나의 부정적인 감정들을 표현하였다,,
,cope_c_item22,I've been trying to find comfort in my religion or spiritual beliefs.,Dini inancımda huzur bulmaya çalıştım,종교나 영적인 믿음에서 위안을 찾고자 하였다,,
,cope_c_item23,I’ve been trying to get advice or help from other people about what to do.,Ne yapacağıma dair başka insanlardan tavsiye ve yardım aldım,대처하는 과정에서 다른사람들에게 도움을 청하거나 조언을 구하려고 노력했다,,
,cope_c_item24,I've been learning to live with it.,Bu durumla yaşamayı öğrendim,스트레스(또는 그 문제)를 안고 살아가는 법을 배우게 되었다,,
,cope_c_item25,I've been thinking hard about what steps to take.,Bundan sonra atacağım adımlar hakkında iyice düşündüm,어떤 순서로 일에 대처해야 할지에 대해 열심히 생각해 보았다,,
,cope_c_item26,I’ve been blaming myself for things that happened.,Olan şeylerden dolayı kendimi suçladım,그 일이 발생한 것에 대해 나 자신을 스스로 비난했다,,
,cope_c_item27,I've been praying or meditating.,Dua ettim ya da meditasyon yaptım,기도를 하거나 명상을 하였다,,
,cope_c_item28,I've been making fun of the situation,Durumla dalga geçtim,내가 처한 상황을 (농담식으로) 놀리듯이 조롱해보았다,,
,cope_c_item29,I was not alone while dealing with this problem.,Bu sorunla başa çıkarken yalnız değildim,그 문제를 해결하는 데 있어 나는 혼자가 아니었다(도와주는 사람이 주변에 있었다),,
,cope_c_item30,"Even if it meant that I had to make sacrifices, I tried to support other people who I have been facing the problem with.","Kendimden fedarkarlik etmem gerekse bile, bu sorunu birlikte yaşadığım diğer insanlara da destek olmaya çalıştım.",비록 내가 희생을 해야 하는 일이었을지라도 나는 함께 문제를 겪고 있는 사람들을 지지하기 위해 노력했다,,
,cope_c_item31,"While deciding what to do with my problem, I took other people’s feelings into consideration.",Bu soruna dair ne yapacağıma karar verirken başka insanların neler hissettiğini dikkate aldım.,내 문제를 해결하기 위해 무엇을 할지 결정하는 과정에서 나는 다른 사람들의 감정을 고려(배려)하였다,,
,cope_c_item32,"While resolving this problem, I tried to meet everyone ‘s needs who is affected or a part of this problem.",Sorunun çözümünde sorundan etkilenen veya bir parçası olan herkesin ihtiyaçlarını karşılamaya çalıştım,"문제를 해결하는 동안, 나는 그 문제에 얽혀있는 모든 사람들의 욕구와 바램을 충족시키려고 노력했다",,
,cope_c_item33,"In order to resolve this problem, no matter how difficult it is, I tried to meet everyone’s requests","Bu sorunun çözülmesi uğruna, zor da olsa, sorundan etkilenen herkesin isteklerini gerçekleştirmeye çalıştım.",문제를 해결하기 위해 아무리 어려운 요구라해도 모든 사람들의 요구를 들어주려고 노력했다,,
,communal_check,"Please think of the same event that you faced within the last year, that has caused you the most distress and difficulty. Think of the people that you have consulted with when you were dealing with this problem, and what they have done. ",Bir sonraki soruları yanıtlarken lütfen tekrar geçen sene başınızdan geçen en fazla sıkıntı yaratan olayı düşünün. Bu olayla baş ederken kimlere danıştığınızı ve onların size nasıl yardımcı olduğunu düşününüz. Birden fazla seçeneği işaretliyebilirsiniz,지난 한 해동안 발생한 사건들 중 가장 괴롭고 힘들었던 일을 생각하면서 다음을 답해주십시오. 문제를 해결하는 과정에서 당신이 도움을 청했던 사람들과 당신이 했던 일들을 떠올리면서 답해주십시오.,,"HERE LETS MAKE SURE THAT WE HAVE A RESPONSE OPTION WHICH IS INDICATIVE OF NOT AVAILABLE OR APPLICABLE FOR THOSE WHO DO NOT HAVE A FATHER, MOTHER, RELATIVE, CHILD ETC..."
,father_a,Have you spoken to your Father about this problem?,Babanızla bu olay hakkında konuştunuz mu?,아버지께 문제에 대해 말씀드렸습니까?,,
,"LET'S PUT HERE A RESPONSE CHOICE INDICATING A NOT APPLICABLE/AVAILABLE response option as the following: a) YES, b) NO, c) NOT APPLICABLE... and if not applicable, the next question should appear, meaning the question about the mother.",,,,,
,father_b,Did he listen to you about your problem?,Sizi bu sıkıntı yaratan olay ile ilgili dinledi mi?,아버지께서는 당신의 문제를 귀기울여 들어주셨습니까?,,
,"FOR EACH OF THESE QUESTIONS, THERE WILL BE A RESPONSE CHOICE LIKE THE FOLLOWING: a) YES, b) NO ",,,,,
,father_c,Did he perceive your problem/stress as if it is his own (even if they may not have anything to do with the problem itself)?,"Bu olayı kendi sıkıntısı, kendi problemi gibi gördü mü? (problemin onunla ilişkisi olsa da olmasa da)",아버지께서는 당신의 문제/스트레스를 마치 본인의 문제인 것처럼 생각해 주셨습니까? (비록 그 문제 자체를 위해 어떤 일을 하지 않았을지라도),,
,father_d,Did he try to solve your problem/stress for you (resorting mainly to their own resources and/or mobilizing your resources themselves)?,Bu olayı kendisi çözmeye çalıştı mı? (Çoğunlukla kendi kaynaklarını kullanarak veya sizin kaynaklarınızı harekete geçirerek),아버지께서는 당신의 문제/스트레스를 해결하기 위해 노력하셨습니까? (자신이 갖고 있는 자원들을 제공하려고 하거나 당신의 자원을 활용하도록 도움을 줌),,
,father_e,Did he share the responsibility of resolving this problem with you?,Bu olayı çözmenin sorumluluğunu sizinle paylaştı mı?,아버지께서는 당신의 문제를 해결하기 위한 책임을 공유했습니까?,,
,father_f,Did he care about your problem?,Bu sıkıntı yaratan olayı önemsedi mi?,아버지께서는 당신의 문제에 관심을 보이셨습니까?,,
,father_g,Did he think that it is mainly your responsibility to solve your own problem?,Bu sıkıntı yaratan olayı çözmenin genel olarak sizin sorumluluğunuz olduğunu düşündü mü?,아버지께서는 그 문제에 대한 주된 책임은 당신에게 있다고 생각하십니까?,,
,mother_a,Have you spoken to your Mother about this problem?,Annenizle bu olay hakkında konuştunuz mu?,어머니께 문제에 대해 말씀드렸습니까?,,
,"LET'S PUT HERE A RESPONSE CHOICE INDICATING A NOT APPLICABLE/AVAILABLE response option as the following: a) YES, b) NO, c) NOT APPLICABLE... and if not applicable, the next question should appear, meaning the question about the children.",,,,,
,mother_b,Did she listen to you about your problem?,Sizi bu sıkıntı yaratan olay ile ilgili dinledi mi?,어머니께서는 당신의 문제를 귀기울여 들어주셨습니까?,,
,mother_c,Did she perceive your problem/stress as if it is his own (even if they may not have anything to do with the problem itself)?,"Bu olayı kendi sıkıntısı, kendi problemi gibi gördü mü? (problemin onunla ilişkisi olsa da olmasa da)",어머니께서는 당신의 문제/스트레스를 마치 본인의 문제인 것처럼 생각해 주셨습니까? (비록 그 문제 자체를 위해 어떤 일을 하지 않았을지라도),,
,mother_d,Did she try to solve your problem/stress for you (resorting mainly to their own resources and/or mobilizing your resources themselves)?,Bu olayı kendisi çözmeye çalıştı mı? (Çoğunlukla kendi kaynaklarını kullanarak veya sizin kaynaklarınızı harekete geçirerek),어머니께서는 당신의 문제/스트레스를 해결하기 위해 노력하셨습니까? (자신이 갖고 있는 자원들을 제공하려고 하거나 당신의 자원을 활용하도록 도움을 줌),,
,mother_e,Did she share the responsibility of resolving this problem with you?,Bu olayı çözmenin sorumluluğunu sizinle paylaştı mı?,어머니께서는 당신의 문제를 해결하기 위한 책임을 공유했습니까?,,
,mother_f,Did she care about your problem?,Bu sıkıntı yaratan olayı önemsedi mi?,어머니께서는 당신의 문제에 관심을 보이셨습니까?,,
,mother_g,Did she think that it is mainly your responsibility to solve your own problem?,Bu sıkıntı yaratan olayı çözmenin genel olarak sizin sorumluluğunuz olduğunu düşündü mü?,어머니께서는 그 문제에 대한 주된 책임이 당신에게 있다고 생각하십니까?,,
,children_a,Have you spoken to your children about this problem?,Çocuklarınızla bu olay hakkında konuştunuz mu?,당신의 자녀에게 문제에 대해 이야기해 보았습니까?,,
,"LET'S PUT HERE A RESPONSE CHOICE INDICATING A NOT APPLICABLE/AVAILABLE response option as the following: a) YES, b) NO, c) NOT APPLICABLE... and if not applicable, the next question should appear, meaning the question about the siblings.",,,,,
,children_b,Did they listen to you about your problem?,Sizi bu sıkıntı yaratan olay ile ilgili dinlediler mi?,당신의 자녀들은 당신의 문제를 귀기울여 들어주었습니까?,,
,children_c,Did they perceive your problem/stress as if it is his own (even if they may not have anything to do with the problem itself)?,"Bu olayı kendi sıkıntıları, kendi problemleri gibi gördüler mi? (problemin onlarla ilişkisi olsa da olmasa da)",당신의 자녀들은 당신의 문제/스트레스를 마치 본인의 문제인 것처럼 생각했습니까? (비록 그 문제 자체를 위해 어떤 일을 하지 않았을지라도),,
,children_d,Did they try to solve your problem/stress for you (resorting mainly to their own resources and/or mobilizing your resources themselves)?,Bu olayı kendileri çözmeye çalıştılar mı? (Çoğunlukla kendi kaynaklarını kullanarak veya sizin kaynaklarınızı harekete geçirerek),당신의 자녀들은 당신의 문제/스트레스를 해결하기 위해 노력했습니까? (자신이 갖고 있는 자원들을 제공하려고 하거나 당신의 자원을 활용하도록 도움을 줌),,
,children_e,Did they share the responsibility of resolving this problem with you?,Bu olayı çözmenin sorumluluğunu sizinle paylaştılar mı?,당신의 자녀들은 당신의 문제를 해결하기 위한 책임을 공유했습니까?,,
,children_f,Did they care about your problem?,Bu sıkıntı yaratan olayı önemsediler mi?,당신의 자녀들은 당신의 문제에 관심을 보였습니까?,,
,children_g,Did they think that it is mainly your responsibility to solve your own problem?,Bu sıkıntı yaratan olayı çözmenin genel olarak sizin sorumluluğunuz olduğunu düşündüler mü?,당신의 자녀들은 그 문제에 대한 주된 책임이 당신에게 있다고 생각했습니까?,,
,sibling_a,Have you spoken to your siblings about this problem?,Kardeşlerinizle bu sıkıntı hakkında konuştunuz mu?,형제/자매들에게 문제에 대해 이야기해 보았습니까?,,
,"LET'S PUT HERE A RESPONSE CHOICE INDICATING A NOT APPLICABLE/AVAILABLE response option as the following: a) YES, b) NO, c) NOT APPLICABLE... and if not applicable, the next question should appear, meaning the question about the children.",,,,,
,sibling_b,Did they listen to you about your problem?,Sizi bu sıkıntı yaratan olay ile ilgili dinlediler mi?,형제/자매들은 당신의 문제를 귀기울여 들어주었습니까?,,
,sibling_c,Did they perceive your problem/stress as if it is his own (even if they may not have anything to do with the problem itself)?,"Bu olayı kendi sıkıntıları, kendi problemleri gibi gördüler mi? (problemin onlarla ilişkisi olsa da olmasa da)",형제/자매들은 당신의 문제/스트레스를 마치 본인의 문제인 것처럼 생각했습니까? (비록 그 문제 자체를 위해 어떤 일을 하지 않았을지라도),,
,sibling_d,Did they try to solve your problem/stress for you (resorting mainly to their own resources and/or mobilizing your resources themselves)?,Bu olayı kendileri çözmeye çalıştılar mı? (Çoğunlukla kendi kaynaklarını kullanarak veya sizin kaynaklarınızı harekete geçirerek),형제/자매들은 당신의 문제/스트레스를 해결하기 위해 노력했습니까? (자신이 갖고 있는 자원들을 제공하려고 하거나 당신의 자원을 활용하도록 도움을 줌),,
,sibling_e,Did they share the responsibility of resolving this problem with you?,Bu olayı çözmenin sorumluluğunu sizinle paylaştılar mı?,형제/자매들은 당신의 문제를 해결하기 위한 책임을 공유했습니까?,,
,sibling_f,Did they care about your problem?,Bu sıkıntı yaratan olayı önemsediler mi?,형제/자매들은 당신의 문제에 관심을 보였습니까?,,
,sibling_g,Did they think that it is mainly your responsibility to solve your own problem?,Bu sıkıntı yaratan olayı çözmenin genel olarak sizin sorumluluğunuz olduğunu düşündüler mü?,형제/자매들은 그 문제에 대한 주된 책임이 당신에게 있다고 생각했습니까?,,
,cousins_a,Have you spoken to your cousins about this problem?,Kuzenlerinizle bu sıkıntı hakkında konuştunuz mu?,사촌들에게 문제에 대해 이야기해 보았습니까?,,
,"LET'S PUT HERE A RESPONSE CHOICE INDICATING A NOT APPLICABLE/AVAILABLE response option as the following: a) YES, b) NO, c) NOT APPLICABLE... and if not applicable, the next question should appear, meaning the question about the uncles/etc.",,,,,
,cousins_b,Did they listen to you about your problem?,Sizi bu sıkıntı yaratan olay ile ilgili dinlediler mi?,사촌들은 당신의 문제를 귀기울여 들어주었습니까?,,
,cousins_c,Did they perceive your problem/stress as if it is his own (even if they may not have anything to do with the problem itself)?,"Bu olayı kendi sıkıntıları, kendi problemleri gibi gördüler mi? (problemin onlarla ilişkisi olsa da olmasa da)",사촌들은 당신의 문제/스트레스를 마치 본인의 문제인 것처럼 생각했습니까? (비록 그 문제 자체를 위해 어떤 일을 하지 않았을지라도),,
,cousins_d,Did they try to solve your problem/stress for you (resorting mainly to their own resources and/or mobilizing your resources themselves)?,Bu olayı kendileri çözmeye çalıştılar mı? (Çoğunlukla kendi kaynaklarını kullanarak veya sizin kaynaklarınızı harekete geçirerek),사촌들은 당신의 문제/스트레스를 해결하기 위해 노력했습니까? (자신이 갖고 있는 자원들을 제공하려고 하거나 당신의 자원을 활용하도록 도움을 줌),,
,cousins_e,Did they share the responsibility of resolving this problem with you?,Bu olayı çözmenin sorumluluğunu sizinle paylaştılar mı?,사촌들은 당신의 문제를 해결하기 위한 책임을 공유했습니까?,,
,cousins_f,Did they care about your problem?,Bu sıkıntı yaratan olayı önemsediler mi?,사촌들은 당신의 문제에 관심을 보였습니까?,,
,cousins_g,Did they think that it is mainly your responsibility to solve your own problem?,Bu sıkıntı yaratan olayı çözmenin genel olarak sizin sorumluluğunuz olduğunu düşündüler mü?,사촌들은 그 문제에 대한 주된 책임이 당신에게 있다고 생각했습니까?,,
,uncle_a,Have you spoken to your Aunts/Uncles about this problem?,Amcalarınız/dayılarınız/halalarınız/teyzeleriniz ile bu sıkıntı hakkında konuştunuz mu?,이모/고모/삼촌에게 문제에 대해 이야기해 보았습니까?,,
,"LET'S PUT HERE A RESPONSE CHOICE INDICATING A NOT APPLICABLE/AVAILABLE response option as the following: a) YES, b) NO, c) NOT APPLICABLE... and if not applicable, the next question should appear, meaning the question about the spouse.",,,,,
,uncle_b,Did they listen to you about your problem?,Sizi bu sıkıntı yaratan olay ile ilgili dinlediler mi?,이모/고모/삼촌들은 당신의 문제를 귀기울여 들어주었습니까?,,
,uncle_c,Did they perceive your problem/stress as if it is his own (even if they may not have anything to do with the problem itself)?,"Bu olayı kendi sıkıntıları, kendi problemleri gibi gördüler mi? (problemin onlarla ilişkisi olsa da olmasa da)",이모/고모/삼촌들은 당신의 문제/스트레스를 마치 본인의 문제인 것처럼 생각했습니까? (비록 그 문제 자체를 위해 어떤 일을 하지 않았을지라도),,
,uncle_d,Did they try to solve your problem/stress for you (resorting mainly to their own resources and/or mobilizing your resources themselves)?,Bu olayı kendileri çözmeye çalıştılar mı? (Çoğunlukla kendi kaynaklarını kullanarak veya sizin kaynaklarınızı harekete geçirerek),이모/고모/삼촌들은 당신의 문제/스트레스를 해결하기 위해 노력했습니까? (자신이 갖고 있는 자원들을 제공하려고 하거나 당신의 자원을 활용하도록 도움을 줌),,
,uncle_e,Did they share the responsibility of resolving this problem with you?,Bu olayı çözmenin sorumluluğunu sizinle paylaştılar mı?,이모/고모/삼촌들은 당신의 문제를 해결하기 위한 책임을 공유했습니까?,,
,uncle_f,Did they care about your problem?,Bu sıkıntı yaratan olayı önemsediler mi?,이모/고모/삼촌들은 당신의 문제에 관심을 보였습니까?,,
,uncle_g,Did they think that it is mainly your responsibility to solve your own problem?,Bu sıkıntı yaratan olayı çözmenin genel olarak sizin sorumluluğunuz olduğunu düşündüler mü?,이모/고모/삼촌들은 그 문제에 대한 주된 책임이 당신에게 있다고 생각했습니까?,,
,spouse_a,Have you spoken to your Spouse/Partner about this problem?,Eşinizle bu sıkıntı hakkında konuştunuz mu?,배우자/애인에게 문제에 대해 이야기해 보았습니까?,,
"LET'S PUT HERE A RESPONSE CHOICE INDICATING A NOT APPLICABLE/AVAILABLE response option as the following: a) YES, b) NO, c) NOT APPLICABLE... and if not applicable, the next question should appear, meaning the question about the friends.",,,,,,
,spouse_b,Did they listen to you about your problem?,Sizi bu sıkıntı yaratan olay ile ilgili dinledi mi?,배우자/애인은 당신의 문제를 귀기울여 들어주었습니까?,,
,spouse_c,Did they perceive your problem/stress as if it is his own (even if they may not have anything to do with the problem itself)?,"Bu olayı kendi sıkıntısı, kendi problemi gibi gördü mü? (problemin onunla ilişkisi olsa da olmasa da)",배우자/애인은 당신의 문제/스트레스를 마치 본인의 문제인 것처럼 생각했습니까? (비록 그 문제 자체를 위해 어떤 일을 하지 않았을지라도),,
,spouse_d,Did they try to solve your problem/stress for you (resorting mainly to their own resources and/or mobilizing your resources themselves)?,Bu olayı kendisi çözmeye çalıştı mı? (Çoğunlukla kendi kaynaklarını kullanarak veya sizin kaynaklarınızı harekete geçirerek),배우자/애인은 당신의 문제/스트레스를 해결하기 위해 노력했습니까? (자신이 갖고 있는 자원들을 제공하려고 하거나 당신의 자원을 활용하도록 도움을 줌),,
,spouse_e,Did they share the responsibility of resolving this problem with you?,Bu olayı çözmenin sorumluluğunu sizinle paylaştı mı?,배우자/애인은 당신의 문제를 해결하기 위한 책임을 공유했습니까?,,
,spouse_f,Did they care about your problem?,Bu sıkıntı yaratan olayı önemsedi mi?,배우자/애인은 당신의 문제에 관심을 보였습니까?,,
,spouse_g,Did they think that it is mainly your responsibility to solve your own problem?,Bu sıkıntı yaratan olayı çözmenin genel olarak sizin sorumluluğunuz olduğunu düşündü mü?,배우자/애인은 그 문제에 대한 주된 책임이 당신에게 있다고 생각했습니까?,,
,friends_a,Have you spoken to your Friends about this problem?,Arkadaşlarınızla bu sıkıntı hakkında konuştunuz mu?,친구들에게 문제에 대해 이야기해 보았습니까?,,
,"LET'S PUT HERE A RESPONSE CHOICE INDICATING A NOT APPLICABLE/AVAILABLE response option as the following: a) YES, b) NO, c) NOT APPLICABLE... and if not applicable, the next question should appear, meaning the question about 'other'.",,,,,
,friends_b,Did they listen to you about your problem?,Sizi bu sıkıntı yaratan olay ile ilgili dinlediler mi?,친구들은 당신의 문제를 귀기울여 들어주었습니까?,,
,friends_c,Did they perceive your problem/stress as if it is his own (even if they may not have anything to do with the problem itself)?,"Bu olayı kendi sıkıntıları, kendi problemleri gibi gördüler mi? (problemin onlarla ilişkisi olsa da olmasa da)",친구들은 당신의 문제/스트레스를 마치 본인의 문제인 것처럼 생각했습니까? (비록 그 문제 자체를 위해 어떤 일을 하지 않았을지라도),,
,friends_d,Did they try to solve your problem/stress for you (resorting mainly to their own resources and/or mobilizing your resources themselves)?,Bu olayı kendileri çözmeye çalıştılar mı? (Çoğunlukla kendi kaynaklarını kullanarak veya sizin kaynaklarınızı harekete geçirerek),친구들은 당신의 문제/스트레스를 해결하기 위해 노력했습니까? (자신이 갖고 있는 자원들을 제공하려고 하거나 당신의 자원을 활용하도록 도움을 줌),,
,friends_e,Did they share the responsibility of resolving this problem with you?,Bu olayı çözmenin sorumluluğunu sizinle paylaştılar mı?,친구들은 당신의 문제를 해결하기 위한 책임을 공유했습니까?,,
,friends_f,Did they care about your problem?,Bu sıkıntı yaratan olayı önemsediler mi?,친구들은 당신의 문제에 관심을 보였습니까?,,
,friends_g,Did they think that it is mainly your responsibility to solve your own problem?,Bu sıkıntı yaratan olayı çözmenin genel olarak sizin sorumluluğunuz olduğunu düşündüler mü?,친구들은 그 문제에 대한 주된 책임이 당신에게 있다고 생각했습니까?,,
,other_a,Have you spoken to others about this problem?,Başkalarıyla bu sıkıntı hakkında konuştunuz mu?,(위에서 언급한 사람들을 제외한)다른 사람들 중 당신의 문제를 상의한 사람이 있습니까?,,
,other_who,Please specify whom,"Evet ise, kiminle",그 사람(들)이 누구인지 구체적으로 답해주세요,,
,other_b,Did they listen to you about your problem?,Sizi bu sıkıntı yaratan olay ile ilgili dinlediler mi?,그들이 당신의 문제를 귀기울여 들어주었습니까?,,
,other_c,Did they perceive your problem/stress as if it is his own (even if they may not have anything to do with the problem itself)?,"Bu olayı kendi sıkıntıları, kendi problemleri gibi gördüler mi? (problemin onlarla ilişkisi olsa da olmasa da)",그들은 당신의 문제/스트레스를 마치 본인의 문제인 것처럼 생각했습니까? (비록 그 문제 자체를 위해 어떤 일을 하지 않았을지라도),,
,other_d,Did they try to solve your problem/stress for you (resorting mainly to their own resources and/or mobilizing your resources themselves)?,Bu olayı kendileri çözmeye çalıştılar mı? (Çoğunlukla kendi kaynaklarını kullanarak veya sizin kaynaklarınızı harekete geçirerek),그들은 당신의 문제/스트레스를 해결하기 위해 노력했습니까? (자신이 갖고 있는 자원들을 제공하려고 하거나 당신의 자원을 활용하도록 도움을 줌),,
,other_e,Did they share the responsibility of resolving this problem with you?,Bu olayı çözmenin sorumluluğunu sizinle paylaştılar mı?,그들은 당신의 문제를 해결하기 위한 책임을 공유했습니까?,,
,other_f,Did they care about your problem?,Bu sıkıntı yaratan olayı önemsediler mi?,그들은 당신의 문제에 관심을 보였습니까?,,
,other_g,Did they think that it is mainly your responsibility to solve your own problem?,Bu sıkıntı yaratan olayı çözmenin genel olarak sizin sorumluluğunuz olduğunu düşündüler mü?,그들은 그 문제에 대한 주된 책임이 당신에게 있다고 생각했습니까?,,
,cope_problems,"How differently did you cope with this problem in terms of what you have done and with whom you have consulted with, compared to have you GENERALLY cope with problems?",Bu sıkıntılı durumla başederken yaptıklarınız ve danıştığınız insanlar ve yaptıkları GENELDE bu tür konularla başa çıkarken kullandığınız yöntemlerden ne kadar farklıydı?,이 문제를 대처하기 위해 당신이 한 일들이나 상의했던 사람들을 생각해볼 때 일반적으로 평소 당신이 문제를 해결하기 위해 했던 방식들과 얼마나 달랐었는지를 생각해본 후 다음에 답하시오.,,
,different1,Very Different (normally i never cope up with this stress in this manner),Çok farklıydı (normalde stresle hiç böyle baş etmem),매우 달랐다 (보통 스트레스를 이런 식으로 대처해 본 적이 없음),,
,different2,Somewhat different,Biraz farklıydı,다소 달랐다,,
,different3,Neither different nor the same,Ne farklıydı ne değildi,다르지도 같지도 않음,,
,different4,Not different,Farklı değildi,다르지 않았다,,
,different1,Not at all different (I normally cope with stress in this manner),Hiç farklı değildi (normalde stresle hep böyle baş ederim),전혀 다르지 않았다 (보통 스트레스를 이런 방식으로 대처함),,
15a,family,"Who do you call 'family' in your life? Even if you do not have anyone you call 'family' at the moment, you might have had someone or a few family members in the past. Please check all that applies, and please respond the following questions accordingly.","Sizin için aileniz kimlerden oluşuyor? Eğer şuanda aileniz yoksa, hayatınızın bir noktasında aileniz oldu mu? Kimlerdi? Birden fazla işaretleyebilirsiniz.",당신의 삶에서 '가족'이라고 할 수 있는 사람들은 누구인가요? 설령 현재 가족이라고 부를 수 있는 사람이 없다고 하더라도 과거에 누군가 가족이라고 생각했던 사람이 있다면 표시해 주세요. 다음의 보기에서 당신의 삶에서 '가족'이라고 할 수 있는 사람들은 모두 체크해 주십시오.,,
, family1,Mother and/or father,Anne ve/veya baba,부모님(어머니/아버지),,
, family2,Wife or husband,Karı ya da koca,배우자(남편/아내),,
, family3,In-law's family,Eşinin ailesi,시댁식구/처가식구,,
, family4,Siblings,Kardeşler,형제/자매,,
, family5,Children,Çocuklar,자녀,,
, family6,"Other family members like cousins, aunts, uncles etc. ","Diğer aile fertleri (kuzenler, teyzeler, halalar, dayılar, amcalar vd.)","다른 가족구성원들 (사촌, 이모, 고모, 삼촌 등)",,
,self_construal,"Please indicate to what degree you agree or disagree with the following statements, considering your own relationship with your family. You can rate these statement on a scale from 'I strongly Disagree' to 'I strongly Agree'.","Lütfen, az önce belirtmiş olduğunuz fertlerden oluşan ailenizle olan ilişkinizi düşünerek aşağdaki sorulara cevap veriniz. 1 hiç katılmıyorum, 3 ne katılıyorum ne katılmıyorum ve 5 tamamen katılıyorum anlamına gelecek şekilde 1 ile 5  arasında bir puan verebilirsiniz.",다음의 기술들은 당신이 동의할 수도 동의하지 않을수도 있는 것들입니다. 당신 가족들과의 관계를 생각하면서 다음 문항에 얼마나 동의하는 지를 답해 주십시오.,,
,self_construal_item1,I feel independent of my family,Kendimi ailemden bağımsız hissederim,나는 가족들과 독립적인 편이다,,
,self_construal_item2,I usually try to agree with the wishes of my family,Genellikle ailemin isteklerine uymaya çalışırım,나는 보통 가족들이 바라는 것들에 동의(부합)하려고 노력한다,,
,self_construal_item3,I do not have to think the way my family does,Ailemin düşündüğü gibi düşünmek zorunda değilim,가족들이 생각하고 행동하는 방식과 동일하게 내가 생각하고 행동할 필요는 없다고 생각한다,,
,self_construal_item4,I receive approval from my family for my future plans,Geleceğe yönelik planlarım için ailemden izin alırım,나는 나의 향후 계획에 대해 가족들의 동의/승인을 얻는다,,
,self_construal_item5,I avoid making decisions with which my family would not agree,Ailemin onaylamayacağı kararlar almaktan kaçınırım.,나는 가족들이 동의하지 않을 의사결정은 피하는 편이다,,
,self_construal_item6,"On personal issues, I accept the decisions of my family",Benimle ilgili bir konuda ailemin aldığı kararlar geçerlidir.,나는 개인적인 문제들의 경우에도 가족들의 의견을 수용한다,,
,self_construal_item7,I would not be close to someone to whom my family does not agree,Ailemin istemediği bir kişiyle yakın olmam.,나는 가족들이 싫어하거나 꺼려하는 사람과는 가까이 지내지 않으려 한다,,
,self_construal_item8,"Independent of my family, I cannot make decisions easily",Ailemden bağımsız olarak kendi kararlarımı veremem.,나는 가족들 의견을 듣지 않은 체 의사결정을 쉽게 할 수 없다,,
,self_construal_item9,I can easily change my decisions according to the wishes of my family,Kararlarımı ailemin isteklerine göre kolayca değiştiririm.,나는 가족들의 희망이나 바램에 따라 내 결정을 쉽게 바꿀 수 있다,,
,self_construal_item10,I prefer to keep a certain distance in my relationship with my family,Ailemle olan ilişkimde mesafeli olmak isterim.,나는 가족관계에서 일정한 거리를 두는 것을 선호한다,,
,self_construal_item11,"During hard times, I would like to know that my family will be with me",Zor zamanlarımda ailemin yanımda olacağını bilmek isterim.,내가 어려운 시기에 내 가족들이 내 옆에 함께 있어줄 사람들인지 알고싶다,,
,self_construal_item12,The time that I spend with my family is not important for me,Ailemle geçirdiğim zaman benim için çok önemli değildir.,가족들과 함께 보내는 시간은 내게 중요하지 않다,,
,self_construal_item13,Feeling very close to my family is a good thing,Aileme çok yakın hissetmem iyi bir şeydir.,가족과 가깝다는 느낌은 좋은 것이다,,
,self_construal_item14,My family is my top priority,Ailem hayatımda en ön sıradadır.,나에게는 다른 어떤 것 보다도 가족이 최우선이다,,
,self_construal_item15,I don’t enjoy spending much time with my family,Ailemle fazla vakit geçirmekten hoşlanmam.,나는 내 가족들과 많은 시간을 보내는 것을 즐기지는 않는다,,
,self_construal_item16,I feel myself closely attached to my family.,Kendimi aileme gönülden bağlı hissederim.,나는 가족들과 가까운 애착관계를 가지고 있다,,
,self_construal_item17,My relationship with my family makes me feel peaceful and secure,"Ailemle aramdaki bağ, kendimi güven ve huzur içinde hissetmemi sağlıyor.",가족들과의 관계는 나를 평화롭고 안전하게 느끼게 해 준다,,
,self_construal_item18,I am very close to my family,Ailemle iç içeyim.,나는 가족들과 매우 가깝다,,
16,ind col,Please tell me how much you agree with the sentences below. You can answer the question from 'strongly disagree' to  'strongly agree'.,"Aşağıdaki cümlelere genel olarak ne derece katılıp katılmadığınızı belirtiniz. 1 hiç katılmıyorum, 3 ne katılıyorum ne katılmıyorum ve 5 tamamen katılıyorum anlamına gelecek şekilde 1 ile 5  arasında bir puan verebilirsiniz
",다음의 문항들에 얼마나 동의하시는지를 평정해 주십시오.,,
,individualism_item1,Being a unique individual is important to me.,Özgün bir birey olmak benim için önemlidir,나만의 독특성을 갖는 것은 내게 중요한 일이다,,
,individualism_item2,My personal identity independent from others is very important to me.,Başkalarından bağımsız bireysel kimliğim benim için çok önemlidir,다른사람과 구분되는 나만의 개인적 정체성을 갖는 것은 내게 매우 중요하다,,
,individualism_item3,It is important to consult with close friends and get their ideas before making a decision,Bir karar vermeden önce yakın arkadaşlara danışıp onların fikirlerini almak önemlidir,의사결정을 하기 전에 친한 친구들과 상의하고 그들의 생각을 들어보는 것은 중요하다,,
,individualism_item4,I rather depend on myself than on others.,Başkalarına güvenmektense kendime güvenirim,나는 내 자신보다 다른사람에게 더 의지하는 편이다,,
,individualism_item5,"When I succeed, it is usually because of my abilities.","Başarılı olduğum zaman, genellikle yeteneklerim sayesindedir","내가 성공을 한다면, 그건 내가 가지고 있는 재능때문일 것이다",,
,individualism_item6,I feel good when I cooperate with others.,Başkalarıyla işbirliği yaptığım zaman kendimi iyi hissederim. ,다른사람들과 함께 협력하여 일을 할 때 나는 뿌듯함을 느낀다,,
,individualism_item7,I like my privacy.,Özel hayatımın dokunulmazlığı hoşuma gider,나는 프라이버시(남에게 간섭받지 않을 권리)를 갖는 것을 좋아한다,,
,individualism_item8,"To me, pleasure is spending time with others.","Benim için zevk, başkalarıyla vakit geçirmektir",나에게 있어 즐거움이란 사람들과 함께 시간을 보내는 것이다,,
,individualism_item9,I am a unique individual.,Ben özgün bir bireyim,나는 나만의 독특한 개성을 가지고 있다,,
,individualism_item10,If a co-worker gets a prize I would feel proud.,İş arkadaşlarımdan biri bir ödül kazansa gurur duyarım,나와 함께 일하는 동료가 상을 받는다면 나는 내 동료를 자랑스럽게 생각할 것이다,,
,individualism_item11,I often do ‘my own thing”.,Çoğu zaman kendi bildiğim gibi yaşarım,나는 종종 '나 자신만의 일'을 한다,,
,individualism_item12,"If a relative were in financial difficulty, I would help within my means.",Eğer bir akrabamın maddi sıkıntısı olsaydı imkânlarım dahilinde yardım ederdim,"만일 친지에게 금전적인 어려움이 생긴다면, 나는 내가 도울 수 있는 범위내에서 도울 것이다",,
,individualism_item13,I enjoy being unique and different from others in many ways.,Birçok yönden diğer insanlardan farklı ve özgün olmaktan zevk alırım,나는 다른사람들과 다른 나만의 개성과 독특성을 갖는 것을 즐긴다,,
,individualism_item14,The well-being of my co-workers of my co-workers is important to me.,İş arkadaşlarımın iyiliği benim için önemlidir.,나와 함께 일하는 동료들의 행복과 안녕감은 내게도 중요하다,,
,individualism_item15,I like sharing little things with my neighbors.,Komşularımla ufak tefek şeyler paylaşmayı severim,나는 작은 것이라도 이웃들과 함께 나누는 것을 좋아한다,,
,individualism_item16,What happens to me is my own doing.,Başıma gelenler benim yaptıklarımın sonucudur,나에게 일어나는 일들은 나 자신이 해결해야 하는 일이다,,
,individualism_item17,One should live one’s life independently of others.,İnsan hayatını diğerlerinden bağımsız olarak yaşamalıdır.,사람들은 타인과 독립적으로 자신의 삶을 살아야 한다,,
,individualism_item18,My happiness depends very much on the happiness of those around me.,Benim mutluluğum çevremdekilerin mutluluğuna çok bağlıdır.,나의 행복은 내 주변사람들의 행복에 달려있다(내 주변사람들이 행복해야 나도 행복하다),,
,individualism_item19,I prefer to be direct and forthright when I talk with people.,İnsanlarla konuşurken dobra ve açık sözlü olmayı tercih ederim,나는 직접적이고 명시적인 방식으로 타인과 의사소통하는 것을 선호한다,,
17,depression,Below is a list of the ways you might have felt or behaved. Please tell me how often you have felt this way during the past week.  (Show the cards),Lütfen geçen hafta boyunca asagidaki ifadeleri ne sıklıkla hissettiğinizi veya yaşadığınızı belirtin.,다음의 문항들은 당신이 경험할 수 있는 기분이나 행동에 관한 것입니다. 지난 한 주동안 얼마나 종종 다음을 경험했는지 답해주십시오,,
,how_often1,Rarely or none of the time (less than 1 day),Hiçbir Zaman - Nadiren (1 günden daha az),거의 경험하지 않았음 (1일 이내),,
,how_often2,Some or a little of the time (1-2 days),Birazcık - Birkaç Kez (1-2gün),약간 경험하였음 (1-2일 정도),,
,how_often3,Occasionally or a moderate amount of time (3-4 days),Arada Sırada - Bazen (3-4gün),보통 이상으로 경험하였음 (3-4일 정도),,
,how_often4,Most or all of the time (5-7 days),Çokça - Çoğu Zaman (5-7 gün),대부분의 시간 경험하였음 (5-7일),,
,depression_item1,I was bothered by things that usually don’t bother me.,Genellikle canımı sıkmayan şeyler canımı sıktı.,평소에는 아무렇지도 않던 일들이 귀챦고 힘들게 느껴졌다,,
,depression_item2,I did not feel like eating; my appetite was poor.,"Açlık hissetmedim, iştahım yerinde değildi.",입맛이 없고 아무것도 먹고싶지 않았다,,
,depression_item3,I felt that I could not shake off the blues even with help from my family or friends,Arkadaşlarım veya ailemin yardımına rağmen kötü ruh halinden kurtulamadım.,가족이나 친구가 도와준다해도 울적한 기분을 떨쳐버릴 수 없을 것 같았다,,
,depression_item4,I felt I was just as good as other people.,Ruh halimin diğer insanlar kadar iyi olduğunu hissettim.,내 자신이 다른사람들만큼은 괜챦다고 느꼈다,,
,depression_item5,I had trouble keeping my mind on what I was doing.,Yaptığım işe odaklanmakta zorlandım,내가 하는 일들에 집중하기가 어려웠다,,
,depression_item6,I felt depressed.,Kendimi depresyonda hissettim,우울했다,,
,depression_item7,I felt that everything I did was an effort.,Herşeye çaba harcamam gerektiğini hissettim,모든 일들이 다 힘들게 느껴졌다,,
,depression_item8,I felt hopeful about the future.,Gelecek için umutlu hissettim.,미래에 대해 희망적으로 느꼈다,,
,depression_item9,I thought my life had been a failure.,Hayatımın bir başarısızlık olduğunu düşündüm,내 인생은 실패작이라는 생각이 들었다,,
,depression_item10,I felt fearful,Korktuğumu hissettim,두려움을 느꼈다,,
,depression_item11,My sleep was restless.,Huzursuz uyudum,잠을 설쳤다,,
,depression_item12,I was happy,Mutluydum,행복했다,,
,depression_item13,I talked less than usual.,Her zamankinden az konuştum,평소보다 말수가 줄었다,,
,depression_item14,I felt lonely,Kendimi yalnız hissettim,외로움을 느꼈다,,
,depression_item15,People were unfriendly.,İnsanlar arkadaş canlısı değildi,사람들이 불친절하게 대하는 것 같았다,,
,depression_item16,I enjoyed life.,Yaşamdan zevk aldım,생활이 즐거웠다,,
,depression_item17,I had crying spells,Ağlama nöbetleri geçirdim.,갑자기 울음이 쏟아졌다,,
,depression_item18,I felt sad,Kendimi üzgün hissettim,슬펐다,,
,depression_item19,I felt that people dislike me,İnsanların benden hoşlanmadığını hissettim,사람들이 나를 싫어하는 것 같았다,,
,depression_item20,Things did not go well,İşler yolunda gitmedi,제대로 되는 일이 없었다,,
18,instructions3,"WE ALL GO THROUGH HARD TIMES IN OUR LIVES and sometimes we find it difficult to resolve these problems, and do not know what to do. You may also have gone through a similar period in your life-time.",HEPİMİZİN HAYATINDA ZOR DÖNEMLER OLUYOR ve bazen sorunlarımıza çözüm bulmakta zorluk çekiyor ve ne yapacağımızı bilemeyebiliyoruz.  Sizin de hayatınızda böyle dönemleriniz olmuş olabilir.  ,살다보면 누구나 어려운 시기가 있고 나에게 닥친 문제들을 어떻게 해결해야 할지 난감하고 뭘 어떻게 해야 할지 모르겠는 그런 때가 있습니다. 당신도 어쩌면 살면서 이런 시기를 경험했을 수 있습니다.,,
18a,suicide_a,"Have you ever thought about or attempted to kill yourself, within your life-time?","Tüm yaşamınızı düşünecek olursanız, hayatınız boyunca hiç hayatınıza son vermeyi düşündünüz mü veya hayatınıza son verme girişiminde bulundunuz mu?",평생 한 번이라도 자살을 하려고 생각해보거나 시도해 본 적이 있습니까?,,
,suicide_a1, Never,"Hayır, hayatıma son vermeyi hiç düşünmedim",전혀 없다,,
,suicide_a2,It was just a brief passing thought,Hayatıma son verme düşüncem oldu ama bu sadece gelip geçici bir düşünceydi ,스쳐지나가듯 생각해 보았다,,
,suicide_a3,"I have briefly thought to kill myself, but I was not serious about it",Kısa bir süre için hayatımı sonlandırmayı düşündüm fakat ciddi değildim,심각하게 생각했던 것은 아니지만 자살을 하려는 생각을 잠시 해 본 적이 있다,,
,suicide_a4,I have had a plan at least once to kill myself but did not try to do it,Hayatımı sonlandırmak için işe yarayacağını düşündüğüm bir planım vardı ama bunu gerçekleştirmeyi denemedim,자살을 하려고 계획을 세워 본 적이 있다. 하지만 실제 시도를 하지는 않았고 정말 죽고 싶었던 것은 아니다,,
,suicide_a5,I have had a plan at least once to kill myself and really wanted to die,Hayatımı sonlandırmak için işe yarayacağını düşündüğüm bir planım vardı ve ciddi olarak ölmeyi düşündüm,"자살을 하려고 계획을 세워 본 적이 있고, 그 때는 정말 죽고 싶은 마음이었다",,
,suicide_a6,"I have attempted to kill myself, but did not want to die",Hayatımı sonlandırmak için girişimde bulundum ama sanırım gerçekten ölmek istemiyordum,자살을 시도해 본 적이 있다. 하지만 정말로 죽고 싶었던 것은 아니다,,
,suicide_a7,"I have attempted to kill myself, and really hoped to die",Hayatımı sonlandırmak için girişimde bulundum ve sanırım gerçekten ölmeyi umdum,"자살을 시도해 본 적이 있고, 그 때는 정말 죽고 싶은 마음이었다",,
18b,suicide_b,Have you ever thought about or attempted to kill yourself within the last year (12 months)?,"Peki, son bir senede/12 ayda, hayatınıza son vermeyi düşündünüz mü veya hayatınıza son verme girişiminde bulundunuz mu?",지난 일 년동안(12개월 이내) 자살을 하려고 생각해 보았거나 시도해 본 적이 있습니까?,,
,suicide_b1, Never,"Hayır, hayatıma son vermeyi hiç düşünmedim",전혀 없다,,"BC: NEW ADDITION, THE ANSWER CHOICES WERE NOT THERE, I COPY AND PASTE IT FROM PRIOR QUESTION ON LIFETIME SUICIDAL IDEATION/ATTEMPT"
,suicide_b2,It was just a brief passing thought,Hayatıma son verme düşüncem oldu ama bu sadece gelip geçici bir düşünceydi ,스쳐지나가듯 생각해 보았다,,
,suicide_b3,"I have briefly thought to kill myself, but I was not serious about it",Kısa bir süre için hayatımı sonlandırmayı düşündüm fakat ciddi değildim,심각하게 생각했던 것은 아니지만 자살을 하려는 생각을 잠시 해 본 적이 있다,,
,suicide_b4,I have had a plan at least once to kill myself but did not try to do it,Hayatımı sonlandırmak için işe yarayacağını düşündüğüm bir planım vardı ama bunu gerçekleştirmeyi denemedim,자살을 하려고 계획을 세워 본 적이 있다. 하지만 실제 시도를 하지는 않았고 정말 죽고 싶었던 것은 아니다,,
,suicide_b5,I have had a plan at least once to kill myself and really wanted to die,Hayatımı sonlandırmak için işe yarayacağını düşündüğüm bir planım vardı ve ciddi olarak ölmeyi düşündüm,"자살을 하려고 계획을 세워 본 적이 있고, 그 때는 정말 죽고 싶은 마음이었다",,
,suicide_b6,"I have attempted to kill myself, but did not want to die",Hayatımı sonlandırmak için girişimde bulundum ama sanırım gerçekten ölmek istemiyordum,자살을 시도해 본 적이 있다. 하지만 정말로 죽고 싶었던 것은 아니다,,
,suicide_b7,"I have attempted to kill myself, and really hoped to die",Hayatımı sonlandırmak için girişimde bulundum ve sanırım gerçekten ölmeyi umdum,"자살을 시도해 본 적이 있고, 그 때는 정말 죽고 싶은 마음이었다",,
,function_a,"During the past 4 weeks, did you have any problems with your work or other regular daily activities as a result of any emotional problems (such as feeling depressed or anxious)?",Son bir ay (4 hafta) içinde duygusal sorunlar nedeniyle (depresyon veya sıkıntı gibi nedenlerle) yaptığınız işler veya günlük aktiviteleriniz sırasında herhangi bir problem yaşadınız mı?,"지난 4주 동안 당신이 가지고 있는 정서적인 문제들(예: 우울, 불안)때문에 일상생활이나 직장에서 문제를 경험한 적이 있습니까?",,
,function_b,Have you accomplished less than you would like in your work or daily activities as a result of these emotional problems?,"Bu duygular yüzünden, yapacağınız işlerin veya günlük aktivitelerin normalde yapabileceğinizden daha azını yaptığınız oldu mu?",이러한 정서적인 문제들때문에 일상생활이나 직장에서 당신이 해야하는 일들을 하지 못했거나 성취도가 떨어졌습니까?,,
, times1, All of the time,Her zaman,항상,,
, times2,Most of the time,Çoğu zaman ,대부분,,
, times3,Some of the time,Bazen,가끔,,
, times4,A little of the time,Az bir zaman (ara sıra) ,약간,,
, times5,None of the time,Hiçbir zaman ,전혀,,
,function_c,Have done your work or other regular daily activities less carefully than usual as a result of these emotional problems?,"Bu duygular yüzünden, yaptığınız işlere veya günlük aktivitelere daha az dikkatinizi verdiğiniz oldu mu? ",이러한 정서적인 문제들때문에 일상생활이나 직장에서 평소보다 덜 주의깊게 일을 했습니까?,,"To SAPNE: We would have the response choices 'times' for this question as well, right?"
,trauma_a,"Most of the people may witness or live a stressful and traumatic event in any period of their lives. A serious accident, natural disasters like fire, earthquake, domestic violence (beatingws, manhandling), sexual abuse, bereavement, sudden death of loved-one or a loved one taking one’s own life and many others can be examples for traumatic events that people experience. Have you experienced any serious and/or traumatic events in your life, such as the ones mentioned above?","Birçok kişi, hayatının herhangi bir döneminde, oldukça stresli ve travmatik bir olay yaşamış ya da böyle bir olaya tanık olmuştur. Ciddi bir kaza, yangın, deprem gibi doğal afetler, aile içinde şiddet (dövme, tartaklama), cinsel taciz, sevilen bir insanın ani ölümü veya hayatını sonlandırması travmatik olaylara birer örnektir. Ve daha niceleri insanların başına gelebilmektedir.  Siz bunlar gibi ciddi, travmatik, hayatınızı çok etkilemiş bir olay yaşadınız mı?","대부분의 사람들은 살면서 스트레스 사건 또는 트라우마 사건들을 목격하거나 경험하게 됩니다. 심각한 사고, 화재, 지진과 같은 자연재해, 가정폭력, 성폭력, 사별, 사랑하는 사람의 급작스러운 죽음 등이 사람들이 경험할 수 있는 트라우마 사건의 예들입니다. 당신은 살면서 위에서 언급한 사건들과 같은 트라우마성 사건을 경험해 보신 적이 있습니까?",,
,trauma_b,Did you experience these kinds of events more than once?,Bu tür olaylardan birden fazla defa mı yaşadınız?,이러한 사건들을 한 번 이상 경험하셨습니까?,,
,"HERE THERE HAS TO BE A RESPONSE CHOICE, RIGHT? YES/NO",,,,,
,trauma_c,When did you experience this/these events?,Bu olayı veya olayları ne zaman yaşadınız?,이러한 사건들을 언제 경험하셨습니까?,,
, childhood1, In childhood (age between 0-17),Çocuklukta (0-17 yaş),아동기(0-17세),,
, childhood2,In adulthood (after age 18),Erişkin iken (18 sonrası),성인기(18세 이후),,
, childhood3,Both in childhood and adulthood,Hem çocuklukta hem erişkinken,아동기와 성인기 모두,,
,religious_dominations,What is your religion?,Bu ifadelerden hangisi inancinizi en iyi yansitir?,당신의 종교는 무엇입니까?,,
,"HERE THERE WILL BE RESPONSE CHOICES, RIGHT?",,,,,
,religious_a,Please rate how much you agree with these statements ranging from definitely not true of me to definitely true of me.,Lütfen aşağıdaki ifadelere ne derece katıldığınızı belirtin,아래의 문항에 얼마나 동의하는 지를 평정해 주십시오.,,
,how_true1, Definitely not true,Hiç katılmıyorum,전혀 그렇지 않다,,
,how_true2,Tends not to be true,Katılmıyorum,그렇지 않다,,
,how_true3,Unsure Tends to be true,Katılıyorum,잘 모르겠지만 그런 것 같다,,
,how_true4,Definitely true of me,Tamamen katılıyorum,매우 그렇다,,
,religious_a_item1,"In my life, I experience the presence of the Divine (i.e., God)",Hayatımda Allah/Tanrı’nın varlığını hissederim,내 인생에서 나는 신의 존재를 경험했다,,
,religious_a_item2,My religious beliefs are what really lie behind my whole approach to life,Hayat yaklaşımımın temelinde dini inançlarım yatar,내 삶 전반에는 나의 종교적 신념들이 깔려있다,,
,religious_a_item3,I try hard to carry my religion over into all other dealings in life,Dini inançlarımı hayatımın her alanına taşımaya özen gösteririm,나는 생활의 모든 측면에서 나의 종교적 믿음을 지키려고 상당히 노력한다,,
,religious_b,How often did you pray or practiced your religion in a sanctuary (mosque/djemevi/church/synagogue)?,"Son bir ayda, ne sıklıkta cami/cemevi/kilise/sinagog gibi ibadet yerlerinde ibadet ettiniz veya dua ettiniz?",당신은 얼마나 자주 예배당(교회나 절 등)에 가서 기도를 하거나 예배를 드립니까?,,
,religious_c,How often did you pray or practiced your religion by yourself outside of a sanctuary within the last month ?,"Son bir ayda, ne sıklıkta ibadet yerlerinde yaptığınız ibadet haricinde, kendi başınıza ibadet ettiniz veya dua ettiniz?",지난 달에 얼마나 자주 예배당(교회나 절 등) 밖에서 스스로 기도를 하거나 예배를 드렸습니까?,,
,how_religious,"Regardless of how often you pray, to what extend you think you are religious? From 'not religious at all' to 'very religious', how many points would you give yourself ?","Ne sıklıkta ibadet ettiğinize bakmaksızın, kendinizi ne derece dindar biri olarak görürsünüz? ‘0’ hiç dindar değil, ‘10’ ise çok dindar anlamına gelecek şekilde not verecek olsanız siz kendinize kaç puan verirsiniz?",얼마나 자주 기도를 드리는지와 상관없이 당신은 당신이 얼마나 종교적이라고 생각하십니까? '전혀 종교적이지 않다'에서 '매우 종교적이다'이다 중에서 자신을 평정해 주십시오.,,
,how_religious1,Not religious at all,Hiç dindar değilim,전혀 종교적이지 않다,,
,how_religious2,Very religious,"Çok
dindarım
",매우 종교적이다,,
,demographics_a,How many years have you been living in your current city/town/village ?,Kaç senedir bu şehirde/kasabada/köyde bulunuyorsunuz?,현재 거주하는 도시/마을에서 몇 년 동안 사셨습니까?,,
,demographics_b,In which city were you born ?,Hangi şehirde doğdunuz?,귀하의 출생도시는 어디입니까?,,
,demographics_c,"Were you born in a city center, in a suburb or in a village ?","Bu ilin merkezinde mi, merkez dışında bir ilçesinde mi, yoksa bir köyünde mi doğdunuz?","도시, 교외, 작은 마을이나 비도시 지역 중 어디에서 태어나셨습니까?",,
,demographics_c1,At the center,Merkezinde,"도시(서울, 부산 등의 광역시)",,
,demographics_c2,In a suburb,Merkez dışında,도시 근교의 교외지역,,
,demographics_c3,In a town or village,Köyünde,작은 마을(군 이하),,
,demographics_d,What kind of a settlement was the longest place that you have lived so far?,"Bugüne kadar en uzun yaşadığınız yer, nasıl bir yerdi?",지금까지 가장 오래사신 곳은 어떤 곳입니까?, I deleted 'Town' because we don't have such classfications.,"(BC: is town or village considered rural in the US? İf so, yeas let's combine town or village in english, and you translate it as rural.)"
,demographics_d1,Big city center,Büyük şehir merkezi,"대도시(서울, 부산 등의 광역시)",,
,demographics_d2,City,Şehir,도시(광역시 이외의 시),,
,demographics_d3,Town,Kasaba,,,
,demographics_d4,Village,Köy,비도시지역(군이하),,
,demographics_d5,Abroad (town or village),Yurtdışı - Köy/Kasaba,해외(중소도시나 비도시지역의 작은 마을),,
,demographics_d6,Abroad (city or big city),Yurtdışı - Şehir/Büyük Şehir,해외(도시 또는 대도시),,
,demographics_e,"Have you ever moved from one city or town to another city, town, or country ?",Bugüne kadar hiç bir şehirden başka bir şehire ya da başka bir ülkeye taşındınız mı?,살면서 살던 지역 이외의 다른 지역이나 해외로 이사를 해 보신 적이 있습니까?,,
,demographics_f,"How many times have you moved from one city or town to another city, town or country?",Kaç kere bir şehirden bir başka şehire ya d abaşka bir ülkeye taşındınız?,다른 지역이나 해외를 이사를 해 보셨다면 몇 번이나 해 보셨습니까?,,
,demographics_g,"Including yourself, how many people reside at your current residence ?","Siz dâhil, şu an yaşadığınız evde kaç kişi yaşıyor?",귀하를 포함하여 현재 거주지에서 함께 사는 사람은 몇 명입니까?,,
,live_with,With whom do you live with? (You can choose more than one.),Kimlerle yaşıyorsunuz?(Birden fazla seçenek işaretleyebilirsiniz.),현재 귀하와 함께 살고 계신 분은 누구입니까? (해당하는 사람에 모두 체크하시오),,
, live_with1,Mother and/or father,Anne ve/veya Babam,어머니/아버지,,
, live_with2,Siblings ,Kardeşlerim,형제/자매,,
, live_with3,Grandparents,Büyükanne ve/veya Büyükbabam,조부모님(할머니/할아버지),,
, live_with4,Other relatives ,Diğer akrabalarım,기타 친척,,
, live_with5,Own children,Çocuklarım,자녀,,
, live_with6,Husband or wife,Eşim,배우자(남편/아내),,
, live_with7,Significant other,Sevgilim,동거인(애인),,
, live_with8,Friend/friends,Arkadaşlarım,친구(들),,
, live_with9,I live by myself,Tek yaşıyorum,혼자 살고 있음,,
,demographics_i,Are you the person who contributes the most to the income of the household?,Haneye asıl gelir getiren kişi siz misiniz?,귀하는 귀하의 가계에 가장 큰 기여를 하는 분이십니까?,,
,demographics_j,Please indicate your highest level of education?,Lütfen en son bitirdiğiniz okulu söyler misiniz?,귀하의 최종학력을 표기해 주십시오,,
,grad1, None (never gone to school or dropped out),Okula gitmedi/İlkokul terk,무학,,
,grad2,Elemantary school,İlkokul,초등학교(국민학교),,
,grad3,Middle school,Ortaokul,중학교,,
,grad4,High school,Lise,고등학교,,
,grad5,College degree,Üniversite,대학,,
,grad6,Graduate school,Lisansüstü,대학원,,
,demographics_k,What is your current job status?,Şu an çalışma durumuzu öğrenebilir miyim?,현재 귀하의 직업 상태는 어떠하십니까?,,
,employment1,Full-time employee (with insurance coverage),Maaş ya da ücret karşılığı tam zamanlı çalışıyorum (sigortalı),정규직 고용인(4대보험 보장),,
,employment2,Part-time employee (without insurance coverage),Maaş ya da ücret karşılığı yarı zamanlı çalışıyorum (sigortasız),비정규직 고용인(4대보험 보장안됨),,
,employment3,Self-employer with more than 10 employees,Kendi hesabıma çalışıyorum (10'dan fazla çalışanım var),자영업자(피고용인 10인 이상),,
,employment4,Self-employer with less than 9 employees,Kendi hesabıma çalışıyorum (9'dan az çalışanım var),자영업자(피고용인 9명 이하),,
,employment5,Unemployed,"Gelir getiren bir işim yok, çalışmıyorum",실직상태,,
,employment6,Retired,Emekliyim,퇴직,,
,employment7,Housewife,Ev kadını,주부,,
,employment8,Students,Öğrenci,학생,,
,employment9,Others,Diğer,기타 친척,,
,demographics_l,What is your current occupation? (Please answer if you chose 1-4 on the above question),Ne işle uğraştığınızı/ mesleğinizi söyler misiniz?,현재 귀하의 직업은 무엇입니까?,,
,occupation1,Managers (examples Administrative and Business Support Management Occupations) ,Yönetici,"관리자 (공공기관 및 기업고위 임원, 기업체 경영주, 고급 공무원, 전문서비스 관리직, 교장·교감·원장, 기업 및 업체 관리자, 건설·전기 및 생산관련 관리직, 판매 및 고객서비스 관리직 등)",,
,occupation2,"Professionals and Related Workers (examples Science, education, engineering, legal and the like professionals)","Profesyonel ve bağlantılı meslek mensupları (avukat, doktor, mimar, mühendis vb.)","전문가 및 관련 종사자 (연구원, 전문가, 개발자, 프로그래머, 기술자, 분석가, 법조인, 회계사, 의사, 교수, 교사, 간호사, 사회복지사, 종교인, 예술인, 매니저, 조종사, 기관사 등)",,
,occupation3,"Clerks (administratin, accounting, consulting occupations and the like)","Büro hizmetlerinde çalışan elemanlar (tezgahtarlar, yazıcılar, sekreter, muhasabe, danışman vb)","사무직 종사자 (회사원, 일반 공무원, 사무원, 비서, 보조원, 전산관리원, 보험 사무원, 고객상담 및 기타 사무원, 전화상담원, 방송안내원 등)",,
,occupation4,"Service workers (examples police, fire fight, security, hair dressing , medical assistance and the like)","Hizmet elemanları (polis, itfaiye, güvenlik görevlisi, berber vb)","서비스업 종사자 (소방관, 교도관, 경호원, 간병인, 이용사, 미용사, 관리사, 분장사, 혼례 및 장례 종사자, 점술가, 무속인, 운송서비스 종사자, 객실 승무원, 숙박시설 서비스원, 주방장 및 조리사)",,
,occupation5,"Sales workers (sales, store sales, door to door occupations and the like)","Satış elemanları (mağaza, market çalışanları, satıcı/seyyar vb.)","판매 종사자 (영업종사자, 보험중개인, 상점 판매원, 매표원, 방문판매원, 행사 및 홍보 도우미)",,
,occupation6,Skilled agricultural,Tarım ustaları,농업 종사자,,
,occupation7,forestry and fishery workers,Ormancılık ve balıkçılık meslekleri,임어업 종사자,,
,occupation8,"Craft and related trade workers (textile, clothing, wood, furniture and the like related trade occupations)",El sanatları ve benzer meslekler,"기능원 및 관련 기능 종사자 (제빵 및 제과원, 재단사, 가구제조원, 목재·가구·악기 및 간판 관련 기능 종사자, 용접원, 자동차 정비원, 전기공, 건설관련 기능 종사자, 통신 및 관련 장비 설치 및 수리원)",,
,occupation9,"Equipment workers (Textile, Clothing and Shoes, food processing and the like Related Machine Operating Occupations)","Fabrika, tesis ve makina operatörleri ile montajcılar (tekstil, giyim, ayakkabı, gıda vb.)","장치기계조작 및 조립 종사자(식품가공관련 기계조작원, 섬유 및 신발관련 기계조작직, 철도 기관사, 화물열차 차장 및 관련 종사원, 택시 운전원, 버스 운전원, 승합차 운전원,",,
,occupation10,"Elementary workers (Construction and Mining, Transport, Production Related Elementary)","Basit meslekler (İnşaat, maden, ulaşım, üretim işçisi)","단순노무 종사자 (건설 관련 단순 종사원, 이삿짐 운반원, 우편물 집배인, 택배원, 청소원, 경비원, 주유원, 주차관리원, 농림어업 단순노무직)",,
,occupation11,Household Chores Occupations,Hizmetli,가사도우미,,
,occupation12,Armed forces,Silahlı kuvvetlerle ilgili meslekler,군인,,
,occupation13,Others,Diğer,기타,,
,demographics_m,"Compared to your immediate environment, how would you rate your own income level?","Yakın çevrenizi düşünecek olursanız (mesela içinde yaşadığınız köyünüz/köyde; değilseniz ilçeniz/ilçede değilseniz ilinizi), çevrenize göre kendinizin gelir düzeyinin nasıl olduğunu düşünüyorsunuz?","귀하의 가까운 주변사람들과 비교해 보았을 때, 현재 귀하의 수입을 다음 중 하나로 평정해 주십시오.",,
,income_level1, Very Good,Çok iyi,매우 좋은 편이다,,
,income_level2,Good,İyi,좋은 편이다,,
,income_level3,Fair,Orta,적당하다,,
,income_level4,Poor,Kotü,나쁜 편이다,,
,income_level5,Very Poor,Çok kötü,매우 나쁜 편이다,,
,demographics_n,"Compared to the average income level of your country, how would you rate your own income level?","Ülkemizdeki ortalama gelir düzeyini düşündüğünüzde, kendinizi hangi gelir grubuna ait görüyorsunuz?","국가전체의 평균 수입수준을 고려해 보았을 때, 현재 귀하의 수입수준을 다음 중 하나로 평정해 주십시오.",,
,income_rate, Lower income group,Alt gelir grubu,하위권,,
,income_rate,Lower than middle income group,Ortanın altı gelir grubu,중하위권,,
,income_rate,Middle income group,Orta gelir grubu,중위권,,
,income_rate,Higher than middle income group,Ortanın üstü gelir grubu,중상위권,,
,income_rate,Upper income group,Üst gelir grubu,상위권,,
,demographics_o,What is your net total monthly income?,Toplam aylık geliriniz  hangi aralıklardadır?,당신의 현재 한달 순수입은 어느 정도입니까?,changed accordingly,"(BC: I actually asked for montly income in my on-the-ground representative study -- what would be monthly division as you know it? Or is it more common to ask for yearly income in US and Korean studies? If so , we shall go by that ) "
,income1," Monthly Less than $1,000",Ayda 500 TL'nın altında,100만원 이하,,
,income2,"Monthly $1,001 - $1,500",Ayda 501 - 1000 TL arası,101-150만원,,
,income3,"Monthly $1,501 - $2,500",Ayda 1001 - 1500 TL arası,151-250만원,,
,income4,"Monthly $2,501 - $4,000",Ayda 1501 - 2500 TL arası,251-400만원,,
,income5,"Monthly $4,001 - $6,500",Ayda 2501 - 3500 TL arası,401-650만원,,
,income6,"Monthly $6,501 - $8,500",Ayda 3501 - 5000 TL arası,651-850만원,,
,income7,"Monthly $8,501 - $12,500",Ayda 5001 - 7000 TL arası,851-1250만원,,
,income8,"Monthly $12,501 - $21,000",Ayda 7000 - 9000 TL arası,1251-2100만원,,
,income9,"Monthly $21,001 or more",Ayda 9001 TL ve üstü,2101만원 이상,,
"ADD HERE ETHNICITY QUESTION PLEASE, THE WAY IT IS USED ORIGINALLY IN US SAMPLES?",,,,,,